family,slug,source_path,source_commit,license,license_sha256_verified,license_metadata_warning_count,reserved_font_names,font_file_count,parsed_font_file_count,style_count,variable_font_count,axes,glyph_count_max,unicode_codepoint_union,latin_coverage,zh_cn_coverage,zh_tw_coverage,japanese_coverage,korean_coverage,cjk_unified_coverage,duplicate_sha_count,duplicate_postscript_count,packaging_warning_count,packaging_status,preview_status,final_status,final_reason
Noto Sans TC,notosanstc,ofl/notosanstc,5e35378e6bda803962ee6fd257e444a7d459660d,OFL-1.1,True,0,Source,1,1,1,1,wght,20950,20745,1.0,0.719355,1.0,0.913669,0.0,0.732803,0,0,0,STANDARD,SKIPPED_LICENSE_REVIEW,APPROVED,
Noto Sans JP,notosansjp,ofl/notosansjp,5e35378e6bda803962ee6fd257e444a7d459660d,OFL-1.1,True,0,Source,1,1,1,1,wght,17936,16732,1.0,0.672483,0.72705,1.0,0.0,0.607231,0,0,0,STANDARD,SKIPPED_LICENSE_REVIEW,APPROVED,
Noto Sans SC,notosanssc,ofl/notosanssc,5e35378e6bda803962ee6fd257e444a7d459660d,OFL-1.1,True,0,Source,1,1,1,1,wght,31036,30890,1.0,1.0,1.0,1.0,0.0,0.999238,0,0,0,STANDARD,SKIPPED_LICENSE_REVIEW,APPROVED,
Noto Sans KR,notosanskr,ofl/notosanskr,5e35378e6bda803962ee6fd257e444a7d459660d,OFL-1.1,True,0,Source,1,1,1,1,wght,24964,23174,1.0,0.56469,0.54345,0.859176,1.0,0.387671,0,0,0,STANDARD,SKIPPED_LICENSE_REVIEW,APPROVED,
Noto Serif JP,notoserifjp,ofl/notoserifjp,5e35378e6bda803962ee6fd257e444a7d459660d,OFL-1.1,True,0,,1,1,1,1,wght,17923,16726,1.0,0.672335,0.726897,1.0,0.0,0.607088,0,0,0,STANDARD,ELIGIBLE_NOT_GENERATED,APPROVED,
Roboto,roboto,ofl/roboto,5e35378e6bda803962ee6fd257e444a7d459660d,OFL-1.1,True,0,,2,2,2,2,wdth;wght,1326,927,1.0,0.0,0.0,0.0,0.0,0.0,0,0,0,STANDARD,ELIGIBLE_NOT_GENERATED,APPROVED,
Open Sans,opensans,ofl/opensans,5e35378e6bda803962ee6fd257e444a7d459660d,OFL-1.1,True,0,,2,2,2,2,wdth;wght,1162,1010,1.0,0.0,0.0,0.0,0.0,0.0,0,0,0,STANDARD,ELIGIBLE_NOT_GENERATED,APPROVED,
Inter,inter,ofl/inter,5e35378e6bda803962ee6fd257e444a7d459660d,OFL-1.1,True,0,,2,2,2,2,opsz;wght,2933,2850,1.0,0.0,0.0,0.0,0.0,0.0,0,0,0,STANDARD,ELIGIBLE_NOT_GENERATED,APPROVED,
Montserrat,montserrat,ofl/montserrat,5e35378e6bda803962ee6fd257e444a7d459660d,OFL-1.1,True,0,,2,2,2,2,wght,2791,1312,1.0,0.0,0.0,0.0,0.0,0.0,0,0,0,STANDARD,ELIGIBLE_NOT_GENERATED,APPROVED,
Arimo,arimo,ofl/arimo,5e35378e6bda803962ee6fd257e444a7d459660d,OFL-1.1,True,0,,2,2,2,2,wght,3306,3010,1.0,0.0,0.0,0.0,0.0,0.0,0,0,0,STANDARD,ELIGIBLE_NOT_GENERATED,APPROVED,
Roboto Mono,robotomono,ofl/robotomono,5e35378e6bda803962ee6fd257e444a7d459660d,OFL-1.1,True,0,,2,2,2,2,wght,1006,876,1.0,0.0,0.0,0.0,0.0,0.0,0,0,0,STANDARD,ELIGIBLE_NOT_GENERATED,APPROVED,
Noto Sans,notosans,ofl/notosans,5e35378e6bda803962ee6fd257e444a7d459660d,OFL-1.1,True,0,,2,2,2,2,wdth;wght,4526,3094,1.0,0.0,0.0,0.0,0.0,0.0,0,0,0,STANDARD,ELIGIBLE_NOT_GENERATED,APPROVED,
Raleway,raleway,ofl/raleway,5e35378e6bda803962ee6fd257e444a7d459660d,OFL-1.1,True,0,Raleway,2,2,2,2,wght,1071,937,1.0,0.0,0.0,0.0,0.0,0.0,0,0,0,STANDARD,SKIPPED_LICENSE_REVIEW,APPROVED,
M PLUS 1p,mplus1p,ofl/mplus1p,5e35378e6bda803962ee6fd257e444a7d459660d,OFL-1.1,True,0,,7,7,7,0,,8676,8331,1.0,0.421263,0.330985,0.798102,0.0,0.242092,0,0,0,STANDARD,ELIGIBLE_NOT_GENERATED,APPROVED,
Nunito,nunito,ofl/nunito,5e35378e6bda803962ee6fd257e444a7d459660d,OFL-1.1,True,0,,2,2,2,2,wght,1103,938,1.0,0.0,0.0,0.0,0.0,0.0,0,0,0,STANDARD,ELIGIBLE_NOT_GENERATED,APPROVED,
Nunito Sans,nunitosans,ofl/nunitosans,5e35378e6bda803962ee6fd257e444a7d459660d,OFL-1.1,True,0,,2,2,2,2,YTLC;opsz;wdth;wght,1104,939,1.0,0.0,0.0,0.0,0.0,0.0,0,0,0,STANDARD,ELIGIBLE_NOT_GENERATED,APPROVED,
Rubik,rubik,ofl/rubik,5e35378e6bda803962ee6fd257e444a7d459660d,OFL-1.1,True,0,,2,2,2,2,wght,1174,885,1.0,0.0,0.0,0.0,0.0,0.0,0,0,0,STANDARD,ELIGIBLE_NOT_GENERATED,APPROVED,
Roboto Slab,robotoslab,apache/robotoslab,5e35378e6bda803962ee6fd257e444a7d459660d,Apache-2.0,True,0,,1,1,1,1,wght,1164,901,1.0,0.0,0.0,0.0,0.0,0.0,0,0,0,STANDARD,ELIGIBLE_NOT_GENERATED,APPROVED,
Oswald,oswald,ofl/oswald,5e35378e6bda803962ee6fd257e444a7d459660d,OFL-1.1,True,0,,1,1,1,1,wght,883,850,1.0,0.0,0.0,0.0,0.0,0.0,0,0,0,STANDARD,ELIGIBLE_NOT_GENERATED,APPROVED,
Manrope,manrope,ofl/manrope,5e35378e6bda803962ee6fd257e444a7d459660d,OFL-1.1,True,0,,1,1,1,1,wght,742,678,1.0,0.0,0.0,0.0,0.0,0.0,0,0,0,STANDARD,ELIGIBLE_NOT_GENERATED,APPROVED,
Noto Serif TC,notoseriftc,ofl/notoseriftc,5e35378e6bda803962ee6fd257e444a7d459660d,OFL-1.1,True,0,,1,1,1,1,wght,20939,20748,1.0,0.719355,1.0,0.913669,0.0,0.732851,0,0,0,STANDARD,ELIGIBLE_NOT_GENERATED,APPROVED,
Ubuntu,ubuntu,ufl/ubuntu,5e35378e6bda803962ee6fd257e444a7d459660d,UFL-1.0,True,8,,8,8,8,0,,1269,1194,1.0,0.0,0.0,0.0,0.0,0.0,0,0,0,STANDARD,ELIGIBLE_NOT_GENERATED,APPROVED,
Noto Serif SC,notoserifsc,ofl/notoserifsc,5e35378e6bda803962ee6fd257e444a7d459660d,OFL-1.1,True,0,,1,1,1,1,wght,31058,30928,1.0,1.0,1.0,1.0,0.0,1.0,0,0,0,STANDARD,ELIGIBLE_NOT_GENERATED,APPROVED,
Merriweather,merriweather,ofl/merriweather,5e35378e6bda803962ee6fd257e444a7d459660d,OFL-1.1,True,0,Merriweather,2,2,2,2,opsz;wdth;wght,2384,1424,1.0,0.0,0.0,0.0,0.0,0.0,0,0,0,STANDARD,SKIPPED_LICENSE_REVIEW,APPROVED,
Lora,lora,ofl/lora,5e35378e6bda803962ee6fd257e444a7d459660d,OFL-1.1,True,0,Lora,2,2,2,2,wght,892,778,1.0,0.0,0.0,0.0,0.0,0.0,0,0,0,STANDARD,SKIPPED_LICENSE_REVIEW,APPROVED,
Mulish,mulish,ofl/mulish,5e35378e6bda803962ee6fd257e444a7d459660d,OFL-1.1,True,0,,2,2,2,2,wght,1063,936,1.0,0.0,0.0,0.0,0.0,0.0,0,0,0,STANDARD,ELIGIBLE_NOT_GENERATED,APPROVED,
Source Sans 3,sourcesans3,ofl/sourcesans3,5e35378e6bda803962ee6fd257e444a7d459660d,OFL-1.1,True,0,Source'. All Rights Reserved. Source is a trademark of Adobe in the United States and/or other countries,2,2,2,2,wght,2478,1615,1.0,0.0,0.0,0.0,0.0,0.0,0,0,0,STANDARD,SKIPPED_LICENSE_REVIEW,APPROVED,
IBM Plex Sans,ibmplexsans,ofl/ibmplexsans,5e35378e6bda803962ee6fd257e444a7d459660d,OFL-1.1,True,0,Plex,2,2,2,2,wdth;wght,1025,891,1.0,0.0,0.0,0.0,0.0,0.0,0,0,0,STANDARD,SKIPPED_LICENSE_REVIEW,APPROVED,
JetBrains Mono,jetbrainsmono,ofl/jetbrainsmono,5e35378e6bda803962ee6fd257e444a7d459660d,OFL-1.1,True,0,,2,2,2,2,wght,1179,976,1.0,0.0,0.0,0.0,0.0,0.0,0,0,0,STANDARD,ELIGIBLE_NOT_GENERATED,APPROVED,
Heebo,heebo,ofl/heebo,5e35378e6bda803962ee6fd257e444a7d459660d,OFL-1.1,True,0,,1,1,1,1,wght,591,463,1.0,0.0,0.0,0.0,0.0,0.0,0,0,0,STANDARD,ELIGIBLE_NOT_GENERATED,APPROVED,
Noto Serif,notoserif,ofl/notoserif,5e35378e6bda803962ee6fd257e444a7d459660d,OFL-1.1,True,0,,2,2,2,2,wdth;wght,3836,2967,1.0,0.0,0.0,0.0,0.0,0.0,0,0,0,STANDARD,ELIGIBLE_NOT_GENERATED,APPROVED,
Fira Sans,firasans,ofl/firasans,5e35378e6bda803962ee6fd257e444a7d459660d,OFL-1.1,True,0,,18,18,18,0,,2708,1686,1.0,0.0,0.0,0.0,0.0,0.0,0,0,0,STANDARD,ELIGIBLE_NOT_GENERATED,APPROVED,
Cormorant Garamond,cormorantgaramond,ofl/cormorantgaramond,5e35378e6bda803962ee6fd257e444a7d459660d,OFL-1.1,True,0,,2,2,2,2,wght,3241,983,1.0,0.0,0.0,0.0,0.0,0.0,0,0,0,STANDARD,ELIGIBLE_NOT_GENERATED,APPROVED,
Libre Franklin,librefranklin,ofl/librefranklin,5e35378e6bda803962ee6fd257e444a7d459660d,OFL-1.1,True,0,,2,2,2,2,wght,1012,918,1.0,0.0,0.0,0.0,0.0,0.0,0,0,0,STANDARD,ELIGIBLE_NOT_GENERATED,APPROVED,
Poppins,poppins,ofl/poppins,5e35378e6bda803962ee6fd257e444a7d459660d,OFL-1.1,True,0,,18,18,18,0,,1060,471,1.0,0.0,0.0,0.0,0.0,0.0,0,0,0,STANDARD,ELIGIBLE_NOT_GENERATED,APPROVED,
Noto Serif KR,notoserifkr,ofl/notoserifkr,5e35378e6bda803962ee6fd257e444a7d459660d,OFL-1.1,True,0,,1,1,1,1,wght,24910,23124,1.0,0.564542,0.543373,0.859176,1.0,0.387671,0,0,0,STANDARD,ELIGIBLE_NOT_GENERATED,APPROVED,
Lato,lato,ofl/lato,5e35378e6bda803962ee6fd257e444a7d459660d,OFL-1.1,True,0,Lato,18,18,18,0,,3023,2164,1.0,0.0,0.0,0.0,0.0,0.0,0,0,0,STANDARD,SKIPPED_LICENSE_REVIEW,APPROVED,
EB Garamond,ebgaramond,ofl/ebgaramond,5e35378e6bda803962ee6fd257e444a7d459660d,OFL-1.1,True,0,,2,2,2,2,wght,3247,2096,1.0,0.0,0.0,0.0,0.0,0.0,0,0,0,STANDARD,ELIGIBLE_NOT_GENERATED,APPROVED,
Source Code Pro,sourcecodepro,ofl/sourcecodepro,5e35378e6bda803962ee6fd257e444a7d459660d,OFL-1.1,True,0,Source'. All Rights Reserved. Source is a trademark of Adobe Systems Incorporated in the United States and/or other countries,2,2,2,2,wght,1568,1334,1.0,0.0,0.0,0.0,0.0,0.0,0,0,0,STANDARD,SKIPPED_LICENSE_REVIEW,APPROVED,
DM Sans,dmsans,ofl/dmsans,5e35378e6bda803962ee6fd257e444a7d459660d,OFL-1.1,True,0,,2,2,2,2,opsz;wght,486,403,1.0,0.0,0.0,0.0,0.0,0.0,0,0,0,STANDARD,ELIGIBLE_NOT_GENERATED,APPROVED,
IBM Plex Mono,ibmplexmono,ofl/ibmplexmono,5e35378e6bda803962ee6fd257e444a7d459660d,OFL-1.1,True,0,Plex,14,14,14,0,,1033,930,1.0,0.0,0.0,0.0,0.0,0.0,0,0,0,STANDARD,SKIPPED_LICENSE_REVIEW,APPROVED,
Inter Tight,intertight,ofl/intertight,5e35378e6bda803962ee6fd257e444a7d459660d,OFL-1.1,True,0,,2,2,2,2,wght,2547,2504,1.0,0.0,0.0,0.0,0.0,0.0,0,0,0,STANDARD,ELIGIBLE_NOT_GENERATED,APPROVED,
Playfair Display,playfairdisplay,ofl/playfairdisplay,5e35378e6bda803962ee6fd257e444a7d459660d,OFL-1.1,True,0,Playfair Display,2,2,2,2,wght,1103,659,1.0,0.0,0.0,0.0,0.0,0.0,0,0,0,STANDARD,SKIPPED_LICENSE_REVIEW,APPROVED,
Roboto Flex,robotoflex,ofl/robotoflex,5e35378e6bda803962ee6fd257e444a7d459660d,OFL-1.1,True,0,,1,1,1,1,GRAD;XOPQ;XTRA;YOPQ;YTAS;YTDE;YTFI;YTLC;YTUC;opsz;slnt;wdth;wght,948,826,1.0,0.0,0.0,0.0,0.0,0.0,0,0,0,STANDARD,ELIGIBLE_NOT_GENERATED,APPROVED,
Bitter,bitter,ofl/bitter,5e35378e6bda803962ee6fd257e444a7d459660d,OFL-1.1,True,0,Bitter Pro,2,2,2,2,wght,1542,977,1.0,0.0,0.0,0.0,0.0,0.0,0,0,0,STANDARD,SKIPPED_LICENSE_REVIEW,APPROVED,
Outfit,outfit,ofl/outfit,5e35378e6bda803962ee6fd257e444a7d459660d,OFL-1.1,True,0,,1,1,1,1,wght,416,360,1.0,0.0,0.0,0.0,0.0,0.0,0,0,0,STANDARD,ELIGIBLE_NOT_GENERATED,APPROVED,
Nanum Gothic,nanumgothic,ofl/nanumgothic,5e35378e6bda803962ee6fd257e444a7d459660d,OFL-1.1,True,3,Nanum;Naver Nanum;NanumGothic;Naver NanumGothic;NanumMyeongjo;Naver NanumMyeongjo;NanumBrush;Naver NanumBrush;NanumPen;Naver NanumPen,3,3,3,0,,13671,11827,1.0,0.0,0.0,0.0,1.0,0.0,0,0,0,STANDARD,SKIPPED_LICENSE_REVIEW,APPROVED,
Kanit,kanit,ofl/kanit,5e35378e6bda803962ee6fd257e444a7d459660d,OFL-1.1,True,0,,18,18,18,0,,775,725,1.0,0.0,0.0,0.0,0.0,0.0,0,0,0,STANDARD,ELIGIBLE_NOT_GENERATED,APPROVED,
Work Sans,worksans,ofl/worksans,5e35378e6bda803962ee6fd257e444a7d459660d,OFL-1.1,True,0,,2,2,2,2,wght,1349,754,1.0,0.0,0.0,0.0,0.0,0.0,0,0,0,STANDARD,ELIGIBLE_NOT_GENERATED,APPROVED,
Plus Jakarta Sans,plusjakartasans,ofl/plusjakartasans,5e35378e6bda803962ee6fd257e444a7d459660d,OFL-1.1,True,0,,2,2,2,2,wght,1188,721,1.0,0.0,0.0,0.0,0.0,0.0,0,0,0,STANDARD,ELIGIBLE_NOT_GENERATED,APPROVED,
Exo 2,exo2,ofl/exo2,5e35378e6bda803962ee6fd257e444a7d459660d,OFL-1.1,True,0,,2,2,2,2,wght,1033,911,1.0,0.0,0.0,0.0,0.0,0.0,0,0,0,STANDARD,ELIGIBLE_NOT_GENERATED,APPROVED,
Figtree,figtree,ofl/figtree,5e35378e6bda803962ee6fd257e444a7d459660d,OFL-1.1,True,0,,2,2,2,2,wght,459,391,1.0,0.0,0.0,0.0,0.0,0.0,0,0,0,STANDARD,ELIGIBLE_NOT_GENERATED,APPROVED,
Zen Kaku Gothic New,zenkakugothicnew,ofl/zenkakugothicnew,5e35378e6bda803962ee6fd257e444a7d459660d,OFL-1.1,True,0,,5,5,5,0,,7792,7737,1.0,0.499482,0.423168,1.0,0.0,0.318312,0,0,0,STANDARD,ELIGIBLE_NOT_GENERATED,APPROVED,
Prompt,prompt,ofl/prompt,5e35378e6bda803962ee6fd257e444a7d459660d,OFL-1.1,True,0,,18,18,18,0,,773,725,1.0,0.0,0.0,0.0,0.0,0.0,0,0,0,STANDARD,ELIGIBLE_NOT_GENERATED,APPROVED,
Bricolage Grotesque,bricolagegrotesque,ofl/bricolagegrotesque,5e35378e6bda803962ee6fd257e444a7d459660d,OFL-1.1,True,0,,1,1,1,1,opsz;wdth;wght,597,527,1.0,0.0,0.0,0.0,0.0,0.0,0,0,0,STANDARD,ELIGIBLE_NOT_GENERATED,APPROVED,
Barlow,barlow,ofl/barlow,5e35378e6bda803962ee6fd257e444a7d459660d,OFL-1.1,True,0,,18,18,18,0,,694,525,1.0,0.0,0.0,0.0,0.0,0.0,0,0,0,STANDARD,ELIGIBLE_NOT_GENERATED,APPROVED,
Saira,saira,ofl/saira,5e35378e6bda803962ee6fd257e444a7d459660d,OFL-1.1,True,0,,2,2,2,2,wdth;wght,898,661,1.0,0.0,0.0,0.0,0.0,0.0,0,0,0,STANDARD,ELIGIBLE_NOT_GENERATED,APPROVED,
Gothic A1,gothica1,ofl/gothica1,5e35378e6bda803962ee6fd257e444a7d459660d,OFL-1.1,True,0,,9,9,9,0,,22711,14721,1.0,0.0,0.0,0.027093,1.0,0.0,0,0,0,STANDARD,ELIGIBLE_NOT_GENERATED,APPROVED,
Jost,jost,ofl/jost,5e35378e6bda803962ee6fd257e444a7d459660d,OFL-1.1,True,0,,2,2,2,2,wght,535,524,1.0,0.0,0.0,0.0,0.0,0.0,0,0,0,STANDARD,ELIGIBLE_NOT_GENERATED,APPROVED,
Archivo,archivo,ofl/archivo,5e35378e6bda803962ee6fd257e444a7d459660d,OFL-1.1,True,0,,2,2,2,2,wdth;wght,834,653,1.0,0.0,0.0,0.0,0.0,0.0,0,0,0,STANDARD,ELIGIBLE_NOT_GENERATED,APPROVED,
Source Serif 4,sourceserif4,ofl/sourceserif4,5e35378e6bda803962ee6fd257e444a7d459660d,OFL-1.1,True,0,,2,2,2,2,opsz;wght,1463,918,1.0,0.0,0.0,0.0,0.0,0.0,0,0,0,STANDARD,ELIGIBLE_NOT_GENERATED,APPROVED,
Fraunces,fraunces,ofl/fraunces,5e35378e6bda803962ee6fd257e444a7d459660d,OFL-1.1,True,0,,2,2,2,2,SOFT;WONK;opsz;wght,698,625,1.0,0.0,0.0,0.0,0.0,0.0,0,0,0,STANDARD,ELIGIBLE_NOT_GENERATED,APPROVED,
Libre Baskerville,librebaskerville,ofl/librebaskerville,5e35378e6bda803962ee6fd257e444a7d459660d,OFL-1.1,True,0,Libre Baskerville,2,2,2,2,wght,864,789,1.0,0.0,0.0,0.0,0.0,0.0,0,0,0,STANDARD,SKIPPED_LICENSE_REVIEW,APPROVED,
Inconsolata,inconsolata,ofl/inconsolata,5e35378e6bda803962ee6fd257e444a7d459660d,OFL-1.1,True,0,,83,83,83,1,wdth;wght,964,882,1.0,0.0,0.0,0.0,0.0,0.0,0,0,2,SEPARATE_VARIABLE_STATIC_REQUIRED,ELIGIBLE_NOT_GENERATED,APPROVED,
Zen Maru Gothic,zenmarugothic,ofl/zenmarugothic,5e35378e6bda803962ee6fd257e444a7d459660d,OFL-1.1,True,0,,5,5,5,0,,7864,7812,1.0,0.499482,0.423168,1.0,0.0,0.318312,0,0,0,STANDARD,ELIGIBLE_NOT_GENERATED,APPROVED,
Geist Mono,geistmono,ofl/geistmono,5e35378e6bda803962ee6fd257e444a7d459660d,OFL-1.1,True,0,,2,2,2,2,wght,1159,889,1.0,0.0,0.0,0.0,0.0,0.0,0,0,0,STANDARD,ELIGIBLE_NOT_GENERATED,APPROVED,
Comfortaa,comfortaa,ofl/comfortaa,5e35378e6bda803962ee6fd257e444a7d459660d,OFL-1.1,True,0,Comfortaa,1,1,1,1,wght,874,850,1.0,0.0,0.0,0.0,0.0,0.0,0,0,0,STANDARD,SKIPPED_LICENSE_REVIEW,APPROVED,
Noto Sans HK,notosanshk,ofl/notosanshk,5e35378e6bda803962ee6fd257e444a7d459660d,OFL-1.1,True,0,Source,1,1,1,1,wght,20940,20755,1.0,0.719355,1.0,0.913669,0.0,0.732851,0,0,0,STANDARD,SKIPPED_LICENSE_REVIEW,APPROVED,
LINE Seed JP,lineseedjp,ofl/lineseedjp,5e35378e6bda803962ee6fd257e444a7d459660d,OFL-1.1,True,0,,4,4,4,0,,9225,8341,1.0,0.500518,0.425465,1.0,0.0,0.319836,0,0,0,STANDARD,ELIGIBLE_NOT_GENERATED,APPROVED,
Spectral,spectral,ofl/spectral,5e35378e6bda803962ee6fd257e444a7d459660d,OFL-1.1,True,0,,14,14,14,0,,1480,878,1.0,0.0,0.0,0.0,0.0,0.0,0,0,0,STANDARD,ELIGIBLE_NOT_GENERATED,APPROVED,
Cormorant,cormorant,ofl/cormorant,5e35378e6bda803962ee6fd257e444a7d459660d,OFL-1.1,True,0,,2,2,2,2,wght,3237,981,1.0,0.0,0.0,0.0,0.0,0.0,0,0,0,STANDARD,ELIGIBLE_NOT_GENERATED,APPROVED,
IBM Plex Serif,ibmplexserif,ofl/ibmplexserif,5e35378e6bda803962ee6fd257e444a7d459660d,OFL-1.1,True,0,Plex,14,14,14,0,,836,754,1.0,0.0,0.0,0.0,0.0,0.0,0,0,0,STANDARD,SKIPPED_LICENSE_REVIEW,APPROVED,
Nanum Myeongjo,nanummyeongjo,ofl/nanummyeongjo,5e35378e6bda803962ee6fd257e444a7d459660d,OFL-1.1,True,3,Nanum;Naver Nanum;NanumGothic;Naver NanumGothic;NanumMyeongjo;Naver NanumMyeongjo;NanumBrush;Naver NanumBrush;NanumPen;Naver NanumPen,3,3,3,0,,14697,11884,1.0,0.0,0.0,0.0,1.0,0.0,0,0,0,STANDARD,SKIPPED_LICENSE_REVIEW,APPROVED,
Vollkorn,vollkorn,ofl/vollkorn,5e35378e6bda803962ee6fd257e444a7d459660d,OFL-1.1,True,0,,2,2,2,2,wght,2303,1243,1.0,0.0,0.0,0.0,0.0,0.0,0,0,0,STANDARD,ELIGIBLE_NOT_GENERATED,APPROVED,
Newsreader,newsreader,ofl/newsreader,5e35378e6bda803962ee6fd257e444a7d459660d,OFL-1.1,True,0,,2,2,2,2,opsz;wght,658,564,1.0,0.0,0.0,0.0,0.0,0.0,0,0,0,STANDARD,ELIGIBLE_NOT_GENERATED,APPROVED,
Roboto Serif,robotoserif,ofl/robotoserif,5e35378e6bda803962ee6fd257e444a7d459660d,OFL-1.1,True,0,,2,2,2,2,GRAD;opsz;wdth;wght,1264,919,1.0,0.0,7.7e-05,0.000153,0.0,9.5e-05,0,0,0,STANDARD,ELIGIBLE_NOT_GENERATED,APPROVED,
Shippori Mincho,shipporimincho,ofl/shipporimincho,5e35378e6bda803962ee6fd257e444a7d459660d,OFL-1.1,True,0,,5,5,5,0,,16359,15363,1.0,0.682537,0.791746,1.0,0.0,0.647437,0,0,0,STANDARD,ELIGIBLE_NOT_GENERATED,APPROVED,
Bodoni Moda,bodonimoda,ofl/bodonimoda,5e35378e6bda803962ee6fd257e444a7d459660d,OFL-1.1,True,0,,2,2,2,2,opsz;wght,563,428,1.0,0.0,0.0,0.0,0.0,0.0,0,0,0,STANDARD,ELIGIBLE_NOT_GENERATED,APPROVED,
PT Serif,ptserif,ofl/ptserif,5e35378e6bda803962ee6fd257e444a7d459660d,OFL-1.1,True,0,"PT Sans;PT Serif"" and ""ParaType",4,4,4,0,,719,723,1.0,0.0,0.0,0.0,0.0,0.0,0,0,0,STANDARD,SKIPPED_LICENSE_REVIEW,APPROVED,
Literata,literata,ofl/literata,5e35378e6bda803962ee6fd257e444a7d459660d,OFL-1.1,True,0,,2,2,2,2,opsz;wght,1789,1163,1.0,0.0,0.0,0.0,0.0,0.0,0,0,0,STANDARD,ELIGIBLE_NOT_GENERATED,APPROVED,
Dancing Script,dancingscript,ofl/dancingscript,5e35378e6bda803962ee6fd257e444a7d459660d,OFL-1.1,True,0,Dancing Script,1,1,1,1,wght,643,559,1.0,0.0,0.0,0.0,0.0,0.0,0,0,0,STANDARD,SKIPPED_LICENSE_REVIEW,APPROVED,
M PLUS U,mplusu,ofl/mplusu,5e35378e6bda803962ee6fd257e444a7d459660d,OFL-1.1,True,0,,1,1,1,1,wght,6969,6613,1.0,0.434127,0.342547,0.827491,0.0,0.251953,0,0,0,STANDARD,ELIGIBLE_NOT_GENERATED,APPROVED,
Playfair,playfair,ofl/playfair,5e35378e6bda803962ee6fd257e444a7d459660d,OFL-1.1,True,0,,2,2,2,2,opsz;wdth;wght,2326,1112,1.0,0.0,0.0,0.0,0.0,0.0,0,0,0,STANDARD,ELIGIBLE_NOT_GENERATED,APPROVED,
Zilla Slab,zillaslab,ofl/zillaslab,5e35378e6bda803962ee6fd257e444a7d459660d,OFL-1.1,True,1,,10,10,10,0,,1056,515,1.0,0.0,0.0,0.0,0.0,0.0,0,0,0,STANDARD,ELIGIBLE_NOT_GENERATED,APPROVED,
Zen Old Mincho,zenoldmincho,ofl/zenoldmincho,5e35378e6bda803962ee6fd257e444a7d459660d,OFL-1.1,True,0,,5,5,5,0,,7866,7815,1.0,0.499482,0.423168,1.0,0.0,0.318312,0,0,0,STANDARD,ELIGIBLE_NOT_GENERATED,APPROVED,
Caveat,caveat,ofl/caveat,5e35378e6bda803962ee6fd257e444a7d459660d,OFL-1.1,True,0,,1,1,1,1,wght,1034,753,1.0,0.0,0.0,0.0,0.0,0.0,0,0,0,STANDARD,ELIGIBLE_NOT_GENERATED,APPROVED,
M PLUS 1,mplus1,ofl/mplus1,5e35378e6bda803962ee6fd257e444a7d459660d,OFL-1.1,True,0,,1,1,1,1,wght,6966,6613,1.0,0.434127,0.342547,0.827491,0.0,0.251953,0,0,0,STANDARD,ELIGIBLE_NOT_GENERATED,APPROVED,
Black Ops One,blackopsone,ofl/blackopsone,5e35378e6bda803962ee6fd257e444a7d459660d,OFL-1.1,True,0,,1,1,1,0,,760,693,1.0,0.0,0.0,0.0,0.0,0.0,0,0,0,STANDARD,ELIGIBLE_NOT_GENERATED,APPROVED,
Lobster Two,lobstertwo,ofl/lobstertwo,5e35378e6bda803962ee6fd257e444a7d459660d,OFL-1.1,True,0,"Lobster"" and ""Lobster Two",4,4,4,0,,357,257,1.0,0.0,0.0,0.0,0.0,0.0,0,0,0,STANDARD,SKIPPED_LICENSE_REVIEW,APPROVED,
Pacifico,pacifico,ofl/pacifico,5e35378e6bda803962ee6fd257e444a7d459660d,OFL-1.1,True,0,,1,1,1,0,,1533,805,1.0,0.0,0.0,0.0,0.0,0.0,0,0,0,STANDARD,ELIGIBLE_NOT_GENERATED,APPROVED,
Lobster,lobster,ofl/lobster,5e35378e6bda803962ee6fd257e444a7d459660d,OFL-1.1,True,0,Lobster,1,1,1,0,,1174,828,1.0,0.0,0.0,0.0,0.0,0.0,0,0,0,STANDARD,SKIPPED_LICENSE_REVIEW,APPROVED,
Sawarabi Mincho,sawarabimincho,ofl/sawarabimincho,5e35378e6bda803962ee6fd257e444a7d459660d,OFL-1.1,True,0,,1,1,1,0,,4792,4746,1.0,0.307112,0.214608,0.53069,0.0,0.156822,0,0,0,STANDARD,ELIGIBLE_NOT_GENERATED,APPROVED,
BIZ UDPGothic,bizudpgothic,ofl/bizudpgothic,5e35378e6bda803962ee6fd257e444a7d459660d,OFL-1.1,True,0,,2,2,2,0,,13932,11741,1.0,0.613337,0.585024,1.0,0.0,0.456126,0,0,0,STANDARD,ELIGIBLE_NOT_GENERATED,APPROVED,
Sawarabi Gothic,sawarabigothic,ofl/sawarabigothic,5e35378e6bda803962ee6fd257e444a7d459660d,OFL-1.1,True,0,,1,1,1,0,,6945,6884,1.0,0.381783,0.289564,0.703046,0.0,0.212891,0,0,0,STANDARD,ELIGIBLE_NOT_GENERATED,APPROVED,
Fira Code,firacode,ofl/firacode,5e35378e6bda803962ee6fd257e444a7d459660d,OFL-1.1,True,0,,1,1,1,1,wght,1857,1551,1.0,0.0,0.0,0.0,0.0,0.0,0,0,0,STANDARD,ELIGIBLE_NOT_GENERATED,APPROVED,
Nanum Gothic Coding,nanumgothiccoding,ofl/nanumgothiccoding,5e35378e6bda803962ee6fd257e444a7d459660d,OFL-1.1,True,0,Nanum;Naver Nanum;NanumGothic;Naver NanumGothic;NanumMyeongjo;Naver NanumMyeongjo;NanumBrush;Naver NanumBrush;NanumPen;Naver NanumPen,2,2,2,0,,20338,12477,1.0,0.0,0.0,0.026175,1.0,0.0,0,0,0,STANDARD,SKIPPED_LICENSE_REVIEW,APPROVED,
DM Mono,dmmono,ofl/dmmono,5e35378e6bda803962ee6fd257e444a7d459660d,OFL-1.1,True,0,,6,6,6,0,,411,381,1.0,0.0,0.0,0.0,0.0,0.0,0,0,0,STANDARD,ELIGIBLE_NOT_GENERATED,APPROVED,
Great Vibes,greatvibes,ofl/greatvibes,5e35378e6bda803962ee6fd257e444a7d459660d,OFL-1.1,True,0,,1,1,1,0,,2025,1081,1.0,0.0,0.0,0.0,0.0,0.0,0,0,0,STANDARD,ELIGIBLE_NOT_GENERATED,APPROVED,
Changa One,changaone,ofl/changaone,5e35378e6bda803962ee6fd257e444a7d459660d,OFL-1.1,True,0,Changa,2,2,2,0,,247,243,1.0,0.0,0.0,0.0,0.0,0.0,0,0,0,STANDARD,SKIPPED_LICENSE_REVIEW,APPROVED,
Google Sans Code,googlesanscode,ofl/googlesanscode,5e35378e6bda803962ee6fd257e444a7d459660d,OFL-1.1,True,0,,2,2,2,2,wght,688,670,1.0,0.0,0.0,0.0,0.0,0.0,0,0,0,STANDARD,ELIGIBLE_NOT_GENERATED,APPROVED,
Alfa Slab One,alfaslabone,ofl/alfaslabone,5e35378e6bda803962ee6fd257e444a7d459660d,OFL-1.1,True,0,Alfa Slab,1,1,1,0,,734,671,1.0,0.0,0.0,0.0,0.0,0.0,0,0,0,STANDARD,SKIPPED_LICENSE_REVIEW,APPROVED,
Baloo 2,baloo2,ofl/baloo2,5e35378e6bda803962ee6fd257e444a7d459660d,OFL-1.1,True,0,,1,1,1,1,wght,1601,856,1.0,0.0,0.0,0.0,0.0,0.0,0,0,0,STANDARD,ELIGIBLE_NOT_GENERATED,APPROVED,
Space Mono,spacemono,ofl/spacemono,5e35378e6bda803962ee6fd257e444a7d459660d,OFL-1.1,True,0,,4,4,4,0,,765,624,1.0,0.0,0.0,0.0,0.0,0.0,0,0,0,STANDARD,ELIGIBLE_NOT_GENERATED,APPROVED,
Dela Gothic One,delagothicone,ofl/delagothicone,5e35378e6bda803962ee6fd257e444a7d459660d,OFL-1.1,True,0,,1,1,1,0,,9194,9030,1.0,0.551235,0.482735,0.999694,0.0,0.364615,0,0,0,STANDARD,ELIGIBLE_NOT_GENERATED,APPROVED,
Lilita One,lilitaone,ofl/lilitaone,5e35378e6bda803962ee6fd257e444a7d459660d,OFL-1.1,True,0,Lilita,1,1,1,0,,229,225,1.0,0.0,0.0,0.0,0.0,0.0,0,0,0,STANDARD,SKIPPED_LICENSE_REVIEW,APPROVED,
Press Start 2P,pressstart2p,ofl/pressstart2p,5e35378e6bda803962ee6fd257e444a7d459660d,OFL-1.1,True,0,Press Start 2P,1,1,1,0,,658,656,1.0,0.0,0.0,0.0,0.0,0.0,0,0,0,STANDARD,SKIPPED_LICENSE_REVIEW,APPROVED,
Bungee,bungee,ofl/bungee,5e35378e6bda803962ee6fd257e444a7d459660d,OFL-1.1,True,0,,1,1,1,0,,1063,1082,1.0,0.0,0.0,0.0,0.0,0.0,0,0,0,STANDARD,ELIGIBLE_NOT_GENERATED,APPROVED,
Amatic SC,amaticsc,ofl/amaticsc,5e35378e6bda803962ee6fd257e444a7d459660d,OFL-1.1,True,0,,2,2,2,0,,850,797,1.0,0.0,0.0,0.0,0.0,0.0,0,0,0,STANDARD,ELIGIBLE_NOT_GENERATED,APPROVED,
Oxanium,oxanium,ofl/oxanium,5e35378e6bda803962ee6fd257e444a7d459660d,OFL-1.1,True,0,,1,1,1,1,wght,375,357,1.0,0.0,0.0,0.0,0.0,0.0,0,0,0,STANDARD,ELIGIBLE_NOT_GENERATED,APPROVED,
Courier Prime,courierprime,ofl/courierprime,5e35378e6bda803962ee6fd257e444a7d459660d,OFL-1.1,True,0,,4,4,4,0,,416,383,1.0,0.0,0.0,0.0,0.0,0.0,0,0,0,STANDARD,ELIGIBLE_NOT_GENERATED,APPROVED,
Gravitas One,gravitasone,ofl/gravitasone,5e35378e6bda803962ee6fd257e444a7d459660d,OFL-1.1,True,0,Gravitas,1,1,1,0,,238,229,1.0,0.0,0.0,0.0,0.0,0.0,0,0,0,STANDARD,SKIPPED_LICENSE_REVIEW,APPROVED,
Abril Fatface,abrilfatface,ofl/abrilfatface,5e35378e6bda803962ee6fd257e444a7d459660d,OFL-1.1,True,0,"Abril"" and ""Abril Fatface",1,1,1,0,,425,394,1.0,0.0,0.0,0.0,0.0,0.0,0,0,0,STANDARD,SKIPPED_LICENSE_REVIEW,APPROVED,
Shadows Into Light,shadowsintolight,ofl/shadowsintolight,5e35378e6bda803962ee6fd257e444a7d459660d,OFL-1.1,True,0,,1,1,1,0,,352,349,1.0,0.0,0.0,0.0,0.0,0.0,0,0,0,STANDARD,ELIGIBLE_NOT_GENERATED,APPROVED,
Huninn,huninn,ofl/huninn,5e35378e6bda803962ee6fd257e444a7d459660d,OFL-1.1,True,0,,1,1,1,0,,11609,11364,1.0,0.684164,0.621009,0.999082,0.0,0.455888,0,0,0,STANDARD,ELIGIBLE_NOT_GENERATED,APPROVED,
Kalam,kalam,ofl/kalam,5e35378e6bda803962ee6fd257e444a7d459660d,OFL-1.1,True,0,,3,3,3,0,,1027,1026,1.0,0.0,0.0,0.0,0.0,0.0,0,0,0,STANDARD,ELIGIBLE_NOT_GENERATED,APPROVED,
Rowdies,rowdies,ofl/rowdies,5e35378e6bda803962ee6fd257e444a7d459660d,OFL-1.1,True,0,,3,3,3,0,,639,595,1.0,0.0,0.0,0.0,0.0,0.0,0,0,0,STANDARD,ELIGIBLE_NOT_GENERATED,APPROVED,
Indie Flower,indieflower,ofl/indieflower,5e35378e6bda803962ee6fd257e444a7d459660d,OFL-1.1,True,0,,1,1,1,0,,569,550,1.0,0.0,0.0,0.0,0.0,0.0,0,0,0,STANDARD,ELIGIBLE_NOT_GENERATED,APPROVED,
Comic Neue,comicneue,ofl/comicneue,5e35378e6bda803962ee6fd257e444a7d459660d,OFL-1.1,True,0,,6,6,6,0,,344,319,1.0,0.0,0.0,0.0,0.0,0.0,0,0,0,STANDARD,ELIGIBLE_NOT_GENERATED,APPROVED,
Yellowtail,yellowtail,apache/yellowtail,5e35378e6bda803962ee6fd257e444a7d459660d,Apache-2.0,True,1,,1,1,1,0,,373,369,1.0,0.0,0.0,0.0,0.0,0.0,0,0,0,STANDARD,ELIGIBLE_NOT_GENERATED,APPROVED,
Satisfy,satisfy,apache/satisfy,5e35378e6bda803962ee6fd257e444a7d459660d,Apache-2.0,True,0,,1,1,1,0,,227,226,1.0,0.0,0.0,0.0,0.0,0.0,0,0,0,STANDARD,ELIGIBLE_NOT_GENERATED,APPROVED,
Permanent Marker,permanentmarker,apache/permanentmarker,5e35378e6bda803962ee6fd257e444a7d459660d,Apache-2.0,True,0,,1,1,1,0,,230,229,1.0,0.0,0.0,0.0,0.0,0.0,0,0,0,STANDARD,ELIGIBLE_NOT_GENERATED,APPROVED,
Righteous,righteous,ofl/righteous,5e35378e6bda803962ee6fd257e444a7d459660d,OFL-1.1,True,0,Righteous,1,1,1,0,,372,369,1.0,0.0,0.0,0.0,0.0,0.0,0,0,0,STANDARD,SKIPPED_LICENSE_REVIEW,APPROVED,
Nanum Pen Script,nanumpenscript,ofl/nanumpenscript,5e35378e6bda803962ee6fd257e444a7d459660d,OFL-1.1,True,0,Nanum;Naver Nanum;NanumGothic;Naver NanumGothic;NanumMyeongjo;Naver NanumMyeongjo;NanumBrush;Naver NanumBrush;NanumPen;Naver NanumPen,1,1,1,0,,13751,11742,1.0,0.0,0.0,0.0,1.0,0.0,0,0,0,STANDARD,SKIPPED_LICENSE_REVIEW,APPROVED,
Luckiest Guy,luckiestguy,apache/luckiestguy,5e35378e6bda803962ee6fd257e444a7d459660d,Apache-2.0,True,0,,1,1,1,0,,369,367,1.0,0.0,0.0,0.0,0.0,0.0,0,0,0,STANDARD,ELIGIBLE_NOT_GENERATED,APPROVED,
Zeyada,zeyada,ofl/zeyada,5e35378e6bda803962ee6fd257e444a7d459660d,OFL-1.1,True,0,,1,1,1,0,,346,343,1.0,0.0,0.0,0.0,0.0,0.0,0,0,0,STANDARD,ELIGIBLE_NOT_GENERATED,APPROVED,
Ubuntu Mono,ubuntumono,ufl/ubuntumono,5e35378e6bda803962ee6fd257e444a7d459660d,UFL-1.0,True,4,,4,4,4,0,,1301,1224,1.0,0.0,0.0,0.0,0.0,0.0,0,0,0,STANDARD,ELIGIBLE_NOT_GENERATED,APPROVED,
Bangers,bangers,ofl/bangers,5e35378e6bda803962ee6fd257e444a7d459660d,OFL-1.1,True,0,,1,1,1,0,,597,557,1.0,0.0,0.0,0.0,0.0,0.0,0,0,0,STANDARD,ELIGIBLE_NOT_GENERATED,APPROVED,
Libre Barcode 39,librebarcode39,ofl/librebarcode39,5e35378e6bda803962ee6fd257e444a7d459660d,OFL-1.1,True,0,,1,1,1,0,,121,76,0.736842,0.0,0.0,0.0,0.0,0.0,0,0,0,STANDARD,ELIGIBLE_NOT_GENERATED,APPROVED,
Oleo Script,oleoscript,ofl/oleoscript,5e35378e6bda803962ee6fd257e444a7d459660d,OFL-1.1,True,0,Oleo Script,2,2,2,0,,246,233,1.0,0.0,0.0,0.0,0.0,0.0,0,0,0,STANDARD,SKIPPED_LICENSE_REVIEW,APPROVED,
VT323,vt323,ofl/vt323,5e35378e6bda803962ee6fd257e444a7d459660d,OFL-1.1,True,0,,1,1,1,0,,587,568,1.0,0.0,0.0,0.0,0.0,0.0,0,0,0,STANDARD,ELIGIBLE_NOT_GENERATED,APPROVED,
Gabarito,gabarito,ofl/gabarito,5e35378e6bda803962ee6fd257e444a7d459660d,OFL-1.1,True,0,,1,1,1,1,wght,519,478,1.0,0.0,0.0,0.0,0.0,0.0,0,0,0,STANDARD,ELIGIBLE_NOT_GENERATED,APPROVED,
Special Elite,specialelite,apache/specialelite,5e35378e6bda803962ee6fd257e444a7d459660d,Apache-2.0,True,0,,1,1,1,0,,370,368,1.0,0.0,0.0,0.0,0.0,0.0,0,0,0,STANDARD,ELIGIBLE_NOT_GENERATED,APPROVED,
Potta One,pottaone,ofl/pottaone,5e35378e6bda803962ee6fd257e444a7d459660d,OFL-1.1,True,0,,1,1,1,0,,7365,7286,1.0,0.492533,0.407243,1.0,0.0,0.302782,0,0,0,STANDARD,ELIGIBLE_NOT_GENERATED,APPROVED,
Hachi Maru Pop,hachimarupop,ofl/hachimarupop,5e35378e6bda803962ee6fd257e444a7d459660d,OFL-1.1,True,0,,1,1,1,0,,7575,7470,1.0,0.499482,0.423168,1.0,0.0,0.318312,0,0,0,STANDARD,ELIGIBLE_NOT_GENERATED,APPROVED,
Yeseva One,yesevaone,ofl/yesevaone,5e35378e6bda803962ee6fd257e444a7d459660d,OFL-1.1,True,0,Yeseva,1,1,1,0,,666,652,1.0,0.0,0.0,0.0,0.0,0.0,0,0,0,STANDARD,SKIPPED_LICENSE_REVIEW,APPROVED,
Patrick Hand,patrickhand,ofl/patrickhand,5e35378e6bda803962ee6fd257e444a7d459660d,OFL-1.1,True,0,,1,1,1,0,,728,515,1.0,0.0,0.0,0.0,0.0,0.0,0,0,0,STANDARD,ELIGIBLE_NOT_GENERATED,APPROVED,
Share Tech Mono,sharetechmono,ofl/sharetechmono,5e35378e6bda803962ee6fd257e444a7d459660d,OFL-1.1,True,0,Share,1,1,1,0,,268,267,1.0,0.0,0.0,0.0,0.0,0.0,0,0,0,STANDARD,SKIPPED_LICENSE_REVIEW,APPROVED,
Merienda,merienda,ofl/merienda,5e35378e6bda803962ee6fd257e444a7d459660d,OFL-1.1,True,0,Merienda,1,1,1,1,wght,656,600,1.0,0.0,0.0,0.0,0.0,0.0,0,0,0,STANDARD,SKIPPED_LICENSE_REVIEW,APPROVED,
Passion One,passionone,ofl/passionone,5e35378e6bda803962ee6fd257e444a7d459660d,OFL-1.1,True,0,Passion,3,3,3,0,,273,269,1.0,0.0,0.0,0.0,0.0,0.0,0,0,0,STANDARD,SKIPPED_LICENSE_REVIEW,APPROVED,
Chelsea Market,chelseamarket,ofl/chelseamarket,5e35378e6bda803962ee6fd257e444a7d459660d,OFL-1.1,True,0,Chelsea Market,1,1,1,0,,228,227,1.0,0.0,0.0,0.0,0.0,0.0,0,0,0,STANDARD,SKIPPED_LICENSE_REVIEW,APPROVED,
Fira Mono,firamono,ofl/firamono,5e35378e6bda803962ee6fd257e444a7d459660d,OFL-1.1,True,0,,3,3,3,0,,1485,1350,1.0,0.0,0.0,0.0,0.0,0.0,0,0,0,STANDARD,ELIGIBLE_NOT_GENERATED,APPROVED,
Patua One,patuaone,ofl/patuaone,5e35378e6bda803962ee6fd257e444a7d459660d,OFL-1.1,True,0,Patua One,1,1,1,0,,236,231,1.0,0.0,0.0,0.0,0.0,0.0,0,0,0,STANDARD,SKIPPED_LICENSE_REVIEW,APPROVED,
Kaushan Script,kaushanscript,ofl/kaushanscript,5e35378e6bda803962ee6fd257e444a7d459660d,OFL-1.1,True,0,Kaushan Script,1,1,1,0,,414,397,1.0,0.0,0.0,0.0,0.0,0.0,0,0,0,STANDARD,SKIPPED_LICENSE_REVIEW,APPROVED,
Sacramento,sacramento,ofl/sacramento,5e35378e6bda803962ee6fd257e444a7d459660d,OFL-1.1,True,0,Sacramento,1,1,1,0,,375,370,1.0,0.0,0.0,0.0,0.0,0.0,0,0,0,STANDARD,SKIPPED_LICENSE_REVIEW,APPROVED,
Chiron GoRound TC,chirongoroundtc,ofl/chirongoroundtc,5e35378e6bda803962ee6fd257e444a7d459660d,OFL-1.1,True,1,,1,1,1,1,wght,50706,46265,1.0,1.0,1.0,1.0,1.0,1.0,0,0,0,STANDARD,ELIGIBLE_NOT_GENERATED,APPROVED,
Ma Shan Zheng,mashanzheng,ofl/mashanzheng,5e35378e6bda803962ee6fd257e444a7d459660d,OFL-1.1,True,0,,1,1,1,0,,7017,7015,1.0,1.0,0.335579,0.509873,0.0,0.32217,0,0,0,STANDARD,ELIGIBLE_NOT_GENERATED,APPROVED,
ZCOOL XiaoWei,zcoolxiaowei,ofl/zcoolxiaowei,5e35378e6bda803962ee6fd257e444a7d459660d,OFL-1.1,True,0,,1,1,1,0,,7019,7016,1.0,1.0,0.335579,0.509873,0.0,0.32217,0,0,0,STANDARD,ELIGIBLE_NOT_GENERATED,APPROVED,
ZCOOL KuaiLe,zcoolkuaile,ofl/zcoolkuaile,5e35378e6bda803962ee6fd257e444a7d459660d,OFL-1.1,True,0,,1,1,1,0,,7055,7053,1.0,1.0,0.335732,0.510026,0.0,0.322313,0,0,0,STANDARD,ELIGIBLE_NOT_GENERATED,APPROVED,
ZCOOL QingKe HuangYou,zcoolqingkehuangyou,ofl/zcoolqingkehuangyou,5e35378e6bda803962ee6fd257e444a7d459660d,OFL-1.1,True,0,,1,1,1,0,,9433,9429,1.0,1.0,0.500421,0.754936,0.0,0.437119,0,0,0,STANDARD,ELIGIBLE_NOT_GENERATED,APPROVED,
