curation_rank,release_tier,selected_reason,family,slug,category,language_group,subsets,official_popularity_rank,popularity_score,strategic_value_score,page_depth_score,license_confidence_score,curation_score,seo_opportunity_score,style_count,variable_axis_count,license,reserved_font_names,source_path,source_url,is_brand_font,curation_eligibility
1,LAUNCH_150,CHINESE_CORE,Noto Sans TC,notosanstc,Sans Serif,Chinese,menu;chinese-traditional;cyrillic;latin;latin-ext;vietnamese,41,96.35,100.0,100.0,100.0,97.81,UNASSESSED,9,1,OFL-1.1,Source,ofl/notosanstc,https://github.com/google/fonts/tree/5e35378e6bda803962ee6fd257e444a7d459660d/ofl/notosanstc,True,ELIGIBLE
2,LAUNCH_150,CJK_POPULAR,Noto Sans JP,notosansjp,Sans Serif,Japanese,menu;cyrillic;japanese;latin;latin-ext;vietnamese,9,99.35,85.0,100.0,100.0,96.61,UNASSESSED,9,1,OFL-1.1,Source,ofl/notosansjp,https://github.com/google/fonts/tree/5e35378e6bda803962ee6fd257e444a7d459660d/ofl/notosansjp,True,ELIGIBLE
3,LAUNCH_150,CHINESE_CORE,Noto Sans SC,notosanssc,Sans Serif,Chinese,menu;chinese-simplified;cyrillic;latin;latin-ext;vietnamese,70,93.64,100.0,100.0,100.0,96.18,UNASSESSED,9,1,OFL-1.1,Source,ofl/notosanssc,https://github.com/google/fonts/tree/5e35378e6bda803962ee6fd257e444a7d459660d/ofl/notosanssc,True,ELIGIBLE
4,LAUNCH_150,CJK_POPULAR,Noto Sans KR,notosanskr,Sans Serif,Korean,menu;cyrillic;korean;latin;latin-ext;vietnamese,37,96.73,90.0,100.0,100.0,96.04,UNASSESSED,9,1,OFL-1.1,Source,ofl/notosanskr,https://github.com/google/fonts/tree/5e35378e6bda803962ee6fd257e444a7d459660d/ofl/notosanskr,True,ELIGIBLE
5,LAUNCH_150,CJK_POPULAR,Noto Serif JP,notoserifjp,Serif,Japanese,menu;cyrillic;japanese;latin;latin-ext;vietnamese,79,92.8,85.0,100.0,100.0,92.68,UNASSESSED,8,1,OFL-1.1,,ofl/notoserifjp,https://github.com/google/fonts/tree/5e35378e6bda803962ee6fd257e444a7d459660d/ofl/notoserifjp,True,ELIGIBLE
6,LAUNCH_150,CATEGORY_BALANCE,Roboto,roboto,Sans Serif,Other,menu;cyrillic;cyrillic-ext;greek;greek-ext;latin;latin-ext;math;symbols;vietnamese,2,100.0,55.0,100.0,100.0,91.0,UNASSESSED,18,2,OFL-1.1,,ofl/roboto,https://github.com/google/fonts/tree/5e35378e6bda803962ee6fd257e444a7d459660d/ofl/roboto,True,ELIGIBLE
7,LAUNCH_150,CATEGORY_BALANCE,Open Sans,opensans,Sans Serif,Other,menu;cyrillic;cyrillic-ext;greek;greek-ext;hebrew;latin;latin-ext;math;symbols;vietnamese,3,99.91,55.0,100.0,100.0,90.94,UNASSESSED,12,2,OFL-1.1,,ofl/opensans,https://github.com/google/fonts/tree/5e35378e6bda803962ee6fd257e444a7d459660d/ofl/opensans,False,ELIGIBLE
8,LAUNCH_150,CATEGORY_BALANCE,Inter,inter,Sans Serif,Other,menu;cyrillic;cyrillic-ext;greek;greek-ext;latin;latin-ext;vietnamese,5,99.72,55.0,100.0,100.0,90.83,UNASSESSED,18,2,OFL-1.1,,ofl/inter,https://github.com/google/fonts/tree/5e35378e6bda803962ee6fd257e444a7d459660d/ofl/inter,False,ELIGIBLE
9,LAUNCH_150,CATEGORY_BALANCE,Montserrat,montserrat,Sans Serif,Other,menu;cyrillic;cyrillic-ext;latin;latin-ext;vietnamese,6,99.63,55.0,100.0,100.0,90.78,UNASSESSED,18,1,OFL-1.1,,ofl/montserrat,https://github.com/google/fonts/tree/5e35378e6bda803962ee6fd257e444a7d459660d/ofl/montserrat,False,ELIGIBLE
10,LAUNCH_150,CATEGORY_BALANCE,Arimo,arimo,Sans Serif,Other,menu;cyrillic;cyrillic-ext;greek;greek-ext;hebrew;latin;latin-ext;vietnamese,13,98.97,55.0,100.0,100.0,90.38,UNASSESSED,8,1,OFL-1.1,,ofl/arimo,https://github.com/google/fonts/tree/5e35378e6bda803962ee6fd257e444a7d459660d/ofl/arimo,False,ELIGIBLE
11,LAUNCH_150,CATEGORY_BALANCE,Roboto Condensed,robotocondensed,Sans Serif,Other,menu;cyrillic;cyrillic-ext;greek;greek-ext;latin;latin-ext;vietnamese,14,98.88,55.0,100.0,100.0,90.33,UNASSESSED,18,1,OFL-1.1,,ofl/robotocondensed,https://github.com/google/fonts/tree/5e35378e6bda803962ee6fd257e444a7d459660d/ofl/robotocondensed,True,ELIGIBLE
12,LAUNCH_150,CATEGORY_BALANCE,Roboto Mono,robotomono,Monospace,Other,menu;cyrillic;cyrillic-ext;greek;latin;latin-ext;vietnamese,16,98.69,55.0,100.0,100.0,90.21,UNASSESSED,14,1,OFL-1.1,,ofl/robotomono,https://github.com/google/fonts/tree/5e35378e6bda803962ee6fd257e444a7d459660d/ofl/robotomono,True,ELIGIBLE
13,LAUNCH_150,CATEGORY_BALANCE,Noto Sans,notosans,Sans Serif,Other,menu;cyrillic;cyrillic-ext;devanagari;greek;greek-ext;latin;latin-ext;vietnamese,20,98.32,55.0,100.0,100.0,89.99,UNASSESSED,18,2,OFL-1.1,,ofl/notosans,https://github.com/google/fonts/tree/5e35378e6bda803962ee6fd257e444a7d459660d/ofl/notosans,True,ELIGIBLE
14,LAUNCH_150,CATEGORY_BALANCE,Raleway,raleway,Sans Serif,Other,menu;cyrillic;cyrillic-ext;latin;latin-ext;vietnamese,23,98.04,55.0,100.0,100.0,89.82,UNASSESSED,18,1,OFL-1.1,Raleway,ofl/raleway,https://github.com/google/fonts/tree/5e35378e6bda803962ee6fd257e444a7d459660d/ofl/raleway,False,ELIGIBLE
15,LAUNCH_150,CJK_POPULAR,M PLUS 1p,mplus1p,Sans Serif,Japanese,menu;cyrillic;cyrillic-ext;greek;greek-ext;hebrew;japanese;latin;latin-ext;vietnamese,131,87.93,85.0,100.0,100.0,89.76,UNASSESSED,7,0,OFL-1.1,,ofl/mplus1p,https://github.com/google/fonts/tree/5e35378e6bda803962ee6fd257e444a7d459660d/ofl/mplus1p,False,ELIGIBLE
16,LAUNCH_150,CATEGORY_BALANCE,Nunito,nunito,Sans Serif,Other,menu;cyrillic;cyrillic-ext;latin;latin-ext;vietnamese,25,97.85,55.0,100.0,100.0,89.71,UNASSESSED,18,1,OFL-1.1,,ofl/nunito,https://github.com/google/fonts/tree/5e35378e6bda803962ee6fd257e444a7d459660d/ofl/nunito,False,ELIGIBLE
17,LAUNCH_150,CATEGORY_BALANCE,Nunito Sans,nunitosans,Sans Serif,Other,menu;cyrillic;cyrillic-ext;latin;latin-ext;vietnamese,26,97.75,55.0,100.0,100.0,89.65,UNASSESSED,18,4,OFL-1.1,,ofl/nunitosans,https://github.com/google/fonts/tree/5e35378e6bda803962ee6fd257e444a7d459660d/ofl/nunitosans,False,ELIGIBLE
18,LAUNCH_150,CATEGORY_BALANCE,Rubik,rubik,Sans Serif,Other,menu;arabic;cyrillic;cyrillic-ext;hebrew;latin;latin-ext,28,97.57,55.0,100.0,100.0,89.54,UNASSESSED,14,1,OFL-1.1,,ofl/rubik,https://github.com/google/fonts/tree/5e35378e6bda803962ee6fd257e444a7d459660d/ofl/rubik,False,ELIGIBLE
19,LAUNCH_150,CATEGORY_BALANCE,Roboto Slab,robotoslab,Serif,Other,menu;cyrillic;cyrillic-ext;greek;greek-ext;latin;latin-ext;vietnamese,29,97.47,55.0,100.0,100.0,89.48,UNASSESSED,9,1,Apache-2.0,,apache/robotoslab,https://github.com/google/fonts/tree/5e35378e6bda803962ee6fd257e444a7d459660d/apache/robotoslab,True,ELIGIBLE
20,LAUNCH_150,CATEGORY_BALANCE,Oswald,oswald,Sans Serif,Other,menu;cyrillic;cyrillic-ext;latin;latin-ext;vietnamese,17,98.6,55.0,95.0,100.0,89.41,UNASSESSED,6,1,OFL-1.1,,ofl/oswald,https://github.com/google/fonts/tree/5e35378e6bda803962ee6fd257e444a7d459660d/ofl/oswald,False,ELIGIBLE
21,LAUNCH_150,CATEGORY_BALANCE,Manrope,manrope,Sans Serif,Other,menu;cyrillic;cyrillic-ext;greek;latin;latin-ext;vietnamese,33,97.1,55.0,100.0,100.0,89.26,UNASSESSED,7,1,OFL-1.1,,ofl/manrope,https://github.com/google/fonts/tree/5e35378e6bda803962ee6fd257e444a7d459660d/ofl/manrope,False,ELIGIBLE
22,LAUNCH_150,CHINESE_CORE,Noto Serif TC,notoseriftc,Serif,Chinese,menu;chinese-traditional;cyrillic;latin;latin-ext;vietnamese,194,82.04,100.0,100.0,100.0,89.22,UNASSESSED,8,1,OFL-1.1,,ofl/notoseriftc,https://github.com/google/fonts/tree/5e35378e6bda803962ee6fd257e444a7d459660d/ofl/notoseriftc,True,ELIGIBLE
23,LAUNCH_150,CATEGORY_BALANCE,Ubuntu,ubuntu,Sans Serif,Other,menu;cyrillic;cyrillic-ext;greek;greek-ext;latin;latin-ext,35,96.91,55.0,100.0,100.0,89.15,UNASSESSED,8,0,UFL-1.0,,ufl/ubuntu,https://github.com/google/fonts/tree/5e35378e6bda803962ee6fd257e444a7d459660d/ufl/ubuntu,False,ELIGIBLE
24,LAUNCH_150,CHINESE_CORE,Noto Serif SC,notoserifsc,Serif,Chinese,menu;chinese-simplified;cyrillic;latin;latin-ext;vietnamese,196,81.85,100.0,100.0,100.0,89.11,UNASSESSED,8,1,OFL-1.1,,ofl/notoserifsc,https://github.com/google/fonts/tree/5e35378e6bda803962ee6fd257e444a7d459660d/ofl/notoserifsc,True,ELIGIBLE
25,LAUNCH_150,CATEGORY_BALANCE,Merriweather,merriweather,Serif,Other,menu;cyrillic;cyrillic-ext;latin;latin-ext;vietnamese,36,96.82,55.0,100.0,100.0,89.09,UNASSESSED,14,3,OFL-1.1,Merriweather,ofl/merriweather,https://github.com/google/fonts/tree/5e35378e6bda803962ee6fd257e444a7d459660d/ofl/merriweather,False,ELIGIBLE
26,LAUNCH_150,CATEGORY_BALANCE,Lora,lora,Serif,Other,menu;cyrillic;cyrillic-ext;latin;latin-ext;math;symbols;vietnamese,39,96.54,55.0,100.0,100.0,88.92,UNASSESSED,8,1,OFL-1.1,Lora,ofl/lora,https://github.com/google/fonts/tree/5e35378e6bda803962ee6fd257e444a7d459660d/ofl/lora,False,ELIGIBLE
27,LAUNCH_150,CATEGORY_BALANCE,Mulish,mulish,Sans Serif,Other,menu;cyrillic;cyrillic-ext;latin;latin-ext;vietnamese,47,95.79,55.0,100.0,100.0,88.47,UNASSESSED,18,1,OFL-1.1,,ofl/mulish,https://github.com/google/fonts/tree/5e35378e6bda803962ee6fd257e444a7d459660d/ofl/mulish,False,ELIGIBLE
28,LAUNCH_150,CATEGORY_BALANCE,Source Sans 3,sourcesans3,Sans Serif,Other,menu;cyrillic;cyrillic-ext;greek;greek-ext;latin;latin-ext;vietnamese,52,95.32,55.0,100.0,100.0,88.19,UNASSESSED,16,1,OFL-1.1,Source'. All Rights Reserved. Source is a trademark of Adobe in the United States and/or other countries,ofl/sourcesans3,https://github.com/google/fonts/tree/5e35378e6bda803962ee6fd257e444a7d459660d/ofl/sourcesans3,False,ELIGIBLE
29,LAUNCH_150,CATEGORY_BALANCE,IBM Plex Sans,ibmplexsans,Sans Serif,Other,menu;cyrillic;cyrillic-ext;greek;latin;latin-ext;vietnamese,55,95.04,55.0,100.0,100.0,88.03,UNASSESSED,14,2,OFL-1.1,Plex,ofl/ibmplexsans,https://github.com/google/fonts/tree/5e35378e6bda803962ee6fd257e444a7d459660d/ofl/ibmplexsans,False,ELIGIBLE
30,LAUNCH_150,CATEGORY_BALANCE,JetBrains Mono,jetbrainsmono,Monospace,Other,menu;cyrillic;cyrillic-ext;greek;latin;latin-ext;vietnamese,56,94.95,55.0,100.0,100.0,87.97,UNASSESSED,16,1,OFL-1.1,,ofl/jetbrainsmono,https://github.com/google/fonts/tree/5e35378e6bda803962ee6fd257e444a7d459660d/ofl/jetbrainsmono,False,ELIGIBLE
31,LAUNCH_150,CATEGORY_BALANCE,Heebo,heebo,Sans Serif,Other,menu;hebrew;latin;latin-ext;math;symbols,61,94.48,55.0,100.0,100.0,87.69,UNASSESSED,9,1,OFL-1.1,,ofl/heebo,https://github.com/google/fonts/tree/5e35378e6bda803962ee6fd257e444a7d459660d/ofl/heebo,False,ELIGIBLE
32,LAUNCH_150,CATEGORY_BALANCE,Noto Serif,notoserif,Serif,Other,menu;cyrillic;cyrillic-ext;greek;greek-ext;latin;latin-ext;math;vietnamese,62,94.39,55.0,100.0,100.0,87.63,UNASSESSED,18,2,OFL-1.1,,ofl/notoserif,https://github.com/google/fonts/tree/5e35378e6bda803962ee6fd257e444a7d459660d/ofl/notoserif,True,ELIGIBLE
33,LAUNCH_150,CATEGORY_BALANCE,Fira Sans,firasans,Sans Serif,Other,menu;cyrillic;cyrillic-ext;greek;greek-ext;latin;latin-ext;vietnamese,63,94.29,55.0,100.0,100.0,87.58,UNASSESSED,18,0,OFL-1.1,,ofl/firasans,https://github.com/google/fonts/tree/5e35378e6bda803962ee6fd257e444a7d459660d/ofl/firasans,False,ELIGIBLE
34,LAUNCH_150,CATEGORY_BALANCE,Cormorant Garamond,cormorantgaramond,Serif,Other,menu;cyrillic;cyrillic-ext;latin;latin-ext;vietnamese,66,94.01,55.0,100.0,100.0,87.41,UNASSESSED,10,1,OFL-1.1,,ofl/cormorantgaramond,https://github.com/google/fonts/tree/5e35378e6bda803962ee6fd257e444a7d459660d/ofl/cormorantgaramond,False,ELIGIBLE
35,LAUNCH_150,CATEGORY_BALANCE,Libre Franklin,librefranklin,Sans Serif,Other,menu;cyrillic;cyrillic-ext;latin;latin-ext;vietnamese,78,92.89,55.0,100.0,100.0,86.73,UNASSESSED,18,1,OFL-1.1,,ofl/librefranklin,https://github.com/google/fonts/tree/5e35378e6bda803962ee6fd257e444a7d459660d/ofl/librefranklin,False,ELIGIBLE
36,LAUNCH_150,CATEGORY_BALANCE,Poppins,poppins,Sans Serif,Other,menu;devanagari;latin;latin-ext,7,99.53,35.0,100.0,100.0,86.72,UNASSESSED,18,0,OFL-1.1,,ofl/poppins,https://github.com/google/fonts/tree/5e35378e6bda803962ee6fd257e444a7d459660d/ofl/poppins,False,ELIGIBLE
37,LAUNCH_150,CJK_POPULAR,Noto Serif KR,notoserifkr,Serif,Korean,menu;cyrillic;korean;latin;latin-ext;vietnamese,203,81.2,90.0,100.0,100.0,86.72,UNASSESSED,8,1,OFL-1.1,,ofl/notoserifkr,https://github.com/google/fonts/tree/5e35378e6bda803962ee6fd257e444a7d459660d/ofl/notoserifkr,True,ELIGIBLE
38,LAUNCH_150,CATEGORY_BALANCE,Lato,lato,Sans Serif,Other,menu;latin;latin-ext,10,99.25,35.0,100.0,100.0,86.55,UNASSESSED,10,0,OFL-1.1,Lato,ofl/lato,https://github.com/google/fonts/tree/5e35378e6bda803962ee6fd257e444a7d459660d/ofl/lato,False,ELIGIBLE
39,LAUNCH_150,CATEGORY_BALANCE,EB Garamond,ebgaramond,Serif,Other,menu;cyrillic;cyrillic-ext;greek;greek-ext;latin;latin-ext;vietnamese,84,92.33,55.0,100.0,100.0,86.4,UNASSESSED,10,1,OFL-1.1,,ofl/ebgaramond,https://github.com/google/fonts/tree/5e35378e6bda803962ee6fd257e444a7d459660d/ofl/ebgaramond,False,ELIGIBLE
40,LAUNCH_150,CATEGORY_BALANCE,Source Code Pro,sourcecodepro,Monospace,Other,menu;cyrillic;cyrillic-ext;greek;greek-ext;latin;latin-ext;vietnamese,89,91.86,55.0,100.0,100.0,86.12,UNASSESSED,16,1,OFL-1.1,Source'. All Rights Reserved. Source is a trademark of Adobe Systems Incorporated in the United States and/or other countries,ofl/sourcecodepro,https://github.com/google/fonts/tree/5e35378e6bda803962ee6fd257e444a7d459660d/ofl/sourcecodepro,False,ELIGIBLE
41,LAUNCH_150,CATEGORY_BALANCE,DM Sans,dmsans,Sans Serif,Other,menu;latin;latin-ext,21,98.22,35.0,100.0,100.0,85.93,UNASSESSED,20,2,OFL-1.1,,ofl/dmsans,https://github.com/google/fonts/tree/5e35378e6bda803962ee6fd257e444a7d459660d/ofl/dmsans,False,ELIGIBLE
42,LAUNCH_150,CATEGORY_BALANCE,IBM Plex Mono,ibmplexmono,Monospace,Other,menu;cyrillic;cyrillic-ext;latin;latin-ext;vietnamese,94,91.39,55.0,100.0,100.0,85.84,UNASSESSED,14,0,OFL-1.1,Plex,ofl/ibmplexmono,https://github.com/google/fonts/tree/5e35378e6bda803962ee6fd257e444a7d459660d/ofl/ibmplexmono,False,ELIGIBLE
43,LAUNCH_150,CATEGORY_BALANCE,Inter Tight,intertight,Sans Serif,Other,menu;cyrillic;cyrillic-ext;greek;greek-ext;latin;latin-ext;vietnamese,95,91.3,55.0,100.0,100.0,85.78,UNASSESSED,18,1,OFL-1.1,,ofl/intertight,https://github.com/google/fonts/tree/5e35378e6bda803962ee6fd257e444a7d459660d/ofl/intertight,False,ELIGIBLE
44,LAUNCH_150,CATEGORY_BALANCE,Playfair Display,playfairdisplay,Serif,Other,menu;cyrillic;latin;latin-ext;vietnamese,24,97.94,35.0,100.0,100.0,85.77,UNASSESSED,12,1,OFL-1.1,Playfair Display,ofl/playfairdisplay,https://github.com/google/fonts/tree/5e35378e6bda803962ee6fd257e444a7d459660d/ofl/playfairdisplay,False,ELIGIBLE
45,LAUNCH_150,CATEGORY_BALANCE,Roboto Flex,robotoflex,Sans Serif,Other,menu;cyrillic;cyrillic-ext;greek;latin;latin-ext;vietnamese,98,91.02,55.0,100.0,100.0,85.61,UNASSESSED,10,13,OFL-1.1,,ofl/robotoflex,https://github.com/google/fonts/tree/5e35378e6bda803962ee6fd257e444a7d459660d/ofl/robotoflex,True,ELIGIBLE
46,LAUNCH_150,CATEGORY_BALANCE,Bitter,bitter,Serif,Other,menu;cyrillic;cyrillic-ext;latin;latin-ext;vietnamese,101,90.74,55.0,100.0,100.0,85.44,UNASSESSED,18,1,OFL-1.1,Bitter Pro,ofl/bitter,https://github.com/google/fonts/tree/5e35378e6bda803962ee6fd257e444a7d459660d/ofl/bitter,False,ELIGIBLE
47,LAUNCH_150,CATEGORY_BALANCE,Outfit,outfit,Sans Serif,Other,menu;latin;latin-ext,31,97.29,35.0,100.0,100.0,85.37,UNASSESSED,9,1,OFL-1.1,,ofl/outfit,https://github.com/google/fonts/tree/5e35378e6bda803962ee6fd257e444a7d459660d/ofl/outfit,False,ELIGIBLE
48,LAUNCH_150,CJK_POPULAR,Nanum Gothic,nanumgothic,Sans Serif,Korean,menu;korean;latin,105,90.36,90.0,54.0,100.0,85.32,UNASSESSED,3,0,OFL-1.1,Nanum;Naver Nanum;NanumGothic;Naver NanumGothic;NanumMyeongjo;Naver NanumMyeongjo;NanumBrush;Naver NanumBrush;NanumPen;Naver NanumPen,ofl/nanumgothic,https://github.com/google/fonts/tree/5e35378e6bda803962ee6fd257e444a7d459660d/ofl/nanumgothic,False,ELIGIBLE
49,LAUNCH_150,CATEGORY_BALANCE,Kanit,kanit,Sans Serif,Other,menu;latin;latin-ext;thai;vietnamese,34,97.01,35.0,100.0,100.0,85.2,UNASSESSED,18,0,OFL-1.1,,ofl/kanit,https://github.com/google/fonts/tree/5e35378e6bda803962ee6fd257e444a7d459660d/ofl/kanit,False,ELIGIBLE
50,LAUNCH_150,CATEGORY_BALANCE,Work Sans,worksans,Sans Serif,Other,menu;latin;latin-ext;vietnamese,38,96.63,35.0,100.0,100.0,84.98,UNASSESSED,18,1,OFL-1.1,,ofl/worksans,https://github.com/google/fonts/tree/5e35378e6bda803962ee6fd257e444a7d459660d/ofl/worksans,False,ELIGIBLE
51,LAUNCH_150,CATEGORY_BALANCE,Plus Jakarta Sans,plusjakartasans,Sans Serif,Other,menu;cyrillic-ext;latin;latin-ext;vietnamese,40,96.45,35.0,100.0,100.0,84.87,UNASSESSED,14,1,OFL-1.1,,ofl/plusjakartasans,https://github.com/google/fonts/tree/5e35378e6bda803962ee6fd257e444a7d459660d/ofl/plusjakartasans,False,ELIGIBLE
52,LAUNCH_150,CATEGORY_BALANCE,Exo 2,exo2,Sans Serif,Other,menu;cyrillic;cyrillic-ext;latin;latin-ext;vietnamese,114,89.52,55.0,100.0,100.0,84.71,UNASSESSED,18,1,OFL-1.1,,ofl/exo2,https://github.com/google/fonts/tree/5e35378e6bda803962ee6fd257e444a7d459660d/ofl/exo2,False,ELIGIBLE
53,LAUNCH_150,CATEGORY_BALANCE,Figtree,figtree,Sans Serif,Other,menu;latin;latin-ext,43,96.16,35.0,100.0,100.0,84.7,UNASSESSED,14,1,OFL-1.1,,ofl/figtree,https://github.com/google/fonts/tree/5e35378e6bda803962ee6fd257e444a7d459660d/ofl/figtree,False,ELIGIBLE
54,LAUNCH_150,CJK_POPULAR,Zen Kaku Gothic New,zenkakugothicnew,Sans Serif,Japanese,menu;cyrillic;japanese;latin;latin-ext,157,85.5,85.0,76.0,100.0,84.7,UNASSESSED,5,0,OFL-1.1,,ofl/zenkakugothicnew,https://github.com/google/fonts/tree/5e35378e6bda803962ee6fd257e444a7d459660d/ofl/zenkakugothicnew,False,ELIGIBLE
55,LAUNCH_150,CATEGORY_BALANCE,Prompt,prompt,Sans Serif,Other,menu;latin;latin-ext;thai;vietnamese,45,95.98,35.0,100.0,100.0,84.59,UNASSESSED,18,0,OFL-1.1,,ofl/prompt,https://github.com/google/fonts/tree/5e35378e6bda803962ee6fd257e444a7d459660d/ofl/prompt,False,ELIGIBLE
56,LAUNCH_150,CATEGORY_BALANCE,Bricolage Grotesque,bricolagegrotesque,Sans Serif,Other,menu;latin;latin-ext;vietnamese,46,95.88,35.0,100.0,100.0,84.53,UNASSESSED,7,3,OFL-1.1,,ofl/bricolagegrotesque,https://github.com/google/fonts/tree/5e35378e6bda803962ee6fd257e444a7d459660d/ofl/bricolagegrotesque,False,ELIGIBLE
57,LAUNCH_150,CATEGORY_BALANCE,Barlow,barlow,Sans Serif,Other,menu;latin;latin-ext;vietnamese,48,95.7,35.0,100.0,100.0,84.42,UNASSESSED,18,0,OFL-1.1,,ofl/barlow,https://github.com/google/fonts/tree/5e35378e6bda803962ee6fd257e444a7d459660d/ofl/barlow,False,ELIGIBLE
58,LAUNCH_150,CATEGORY_BALANCE,Saira,saira,Sans Serif,Other,menu;latin;latin-ext;vietnamese,49,95.6,35.0,100.0,100.0,84.36,UNASSESSED,18,2,OFL-1.1,,ofl/saira,https://github.com/google/fonts/tree/5e35378e6bda803962ee6fd257e444a7d459660d/ofl/saira,False,ELIGIBLE
59,LAUNCH_150,CJK_POPULAR,Gothic A1,gothica1,Sans Serif,Korean,menu;cyrillic;cyrillic-ext;greek;greek-ext;korean;latin;latin-ext;vietnamese,245,77.27,90.0,100.0,100.0,84.36,UNASSESSED,9,0,OFL-1.1,,ofl/gothica1,https://github.com/google/fonts/tree/5e35378e6bda803962ee6fd257e444a7d459660d/ofl/gothica1,False,ELIGIBLE
60,LAUNCH_150,CATEGORY_BALANCE,Jost,jost,Sans Serif,Other,menu;cyrillic;latin;latin-ext,53,95.23,35.0,100.0,100.0,84.14,UNASSESSED,18,1,OFL-1.1,,ofl/jost,https://github.com/google/fonts/tree/5e35378e6bda803962ee6fd257e444a7d459660d/ofl/jost,False,ELIGIBLE
61,LAUNCH_150,CATEGORY_BALANCE,Archivo,archivo,Sans Serif,Other,menu;latin;latin-ext;vietnamese,54,95.14,35.0,100.0,100.0,84.08,UNASSESSED,18,2,OFL-1.1,,ofl/archivo,https://github.com/google/fonts/tree/5e35378e6bda803962ee6fd257e444a7d459660d/ofl/archivo,False,ELIGIBLE
62,LAUNCH_150,CATEGORY_BALANCE,Source Serif 4,sourceserif4,Serif,Other,menu;cyrillic;cyrillic-ext;greek;latin;latin-ext;vietnamese,134,87.65,55.0,100.0,100.0,83.59,UNASSESSED,16,2,OFL-1.1,,ofl/sourceserif4,https://github.com/google/fonts/tree/5e35378e6bda803962ee6fd257e444a7d459660d/ofl/sourceserif4,False,ELIGIBLE
63,LAUNCH_150,CATEGORY_BALANCE,Fraunces,fraunces,Serif,Other,menu;latin;latin-ext;vietnamese,72,93.45,35.0,100.0,100.0,83.07,UNASSESSED,18,4,OFL-1.1,,ofl/fraunces,https://github.com/google/fonts/tree/5e35378e6bda803962ee6fd257e444a7d459660d/ofl/fraunces,False,ELIGIBLE
64,LAUNCH_150,CATEGORY_BALANCE,Libre Baskerville,librebaskerville,Serif,Other,menu;latin;latin-ext,67,93.92,35.0,97.0,100.0,82.9,UNASSESSED,8,1,OFL-1.1,Libre Baskerville,ofl/librebaskerville,https://github.com/google/fonts/tree/5e35378e6bda803962ee6fd257e444a7d459660d/ofl/librebaskerville,False,ELIGIBLE
65,LAUNCH_150,CATEGORY_BALANCE,Inconsolata,inconsolata,Monospace,Other,menu;latin;latin-ext;vietnamese,76,93.08,35.0,100.0,100.0,82.85,UNASSESSED,8,2,OFL-1.1,,ofl/inconsolata,https://github.com/google/fonts/tree/5e35378e6bda803962ee6fd257e444a7d459660d/ofl/inconsolata,False,ELIGIBLE
66,LAUNCH_150,CJK_POPULAR,Zen Maru Gothic,zenmarugothic,Sans Serif,Japanese,menu;cyrillic;greek;japanese;latin;latin-ext,205,81.01,85.0,80.0,100.0,82.61,UNASSESSED,5,0,OFL-1.1,,ofl/zenmarugothic,https://github.com/google/fonts/tree/5e35378e6bda803962ee6fd257e444a7d459660d/ofl/zenmarugothic,False,ELIGIBLE
67,LAUNCH_150,CATEGORY_BALANCE,Geist Mono,geistmono,Monospace,Other,menu;cyrillic;cyrillic-ext;latin;latin-ext;symbols2;vietnamese,156,85.59,55.0,100.0,100.0,82.36,UNASSESSED,18,1,OFL-1.1,,ofl/geistmono,https://github.com/google/fonts/tree/5e35378e6bda803962ee6fd257e444a7d459660d/ofl/geistmono,False,ELIGIBLE
68,LAUNCH_150,CATEGORY_BALANCE,Comfortaa,comfortaa,Display,Other,menu;cyrillic;cyrillic-ext;greek;latin;latin-ext;vietnamese,152,85.97,55.0,92.0,100.0,81.38,UNASSESSED,5,1,OFL-1.1,Comfortaa,ofl/comfortaa,https://github.com/google/fonts/tree/5e35378e6bda803962ee6fd257e444a7d459660d/ofl/comfortaa,False,ELIGIBLE
69,LAUNCH_150,CHINESE_CORE,Noto Sans HK,notosanshk,Sans Serif,Chinese,menu;chinese-hongkong;cyrillic;latin;latin-ext;vietnamese,338,68.57,100.0,100.0,100.0,81.14,UNASSESSED,9,1,OFL-1.1,Source,ofl/notosanshk,https://github.com/google/fonts/tree/5e35378e6bda803962ee6fd257e444a7d459660d/ofl/notosanshk,True,ELIGIBLE
70,LAUNCH_150,CJK_POPULAR,LINE Seed JP,lineseedjp,Sans Serif,Japanese,menu;cyrillic;greek-ext;japanese;latin;latin-ext,214,80.17,85.0,73.0,100.0,81.05,UNASSESSED,4,0,OFL-1.1,,ofl/lineseedjp,https://github.com/google/fonts/tree/5e35378e6bda803962ee6fd257e444a7d459660d/ofl/lineseedjp,False,ELIGIBLE
71,LAUNCH_150,CATEGORY_BALANCE,Spectral,spectral,Serif,Other,menu;cyrillic;cyrillic-ext;latin;latin-ext;vietnamese,183,83.07,55.0,100.0,100.0,80.84,UNASSESSED,14,0,OFL-1.1,,ofl/spectral,https://github.com/google/fonts/tree/5e35378e6bda803962ee6fd257e444a7d459660d/ofl/spectral,False,ELIGIBLE
72,LAUNCH_150,CATEGORY_BALANCE,Cormorant,cormorant,Serif,Other,menu;cyrillic;cyrillic-ext;latin;latin-ext;vietnamese,187,82.69,55.0,100.0,100.0,80.62,UNASSESSED,10,1,OFL-1.1,,ofl/cormorant,https://github.com/google/fonts/tree/5e35378e6bda803962ee6fd257e444a7d459660d/ofl/cormorant,False,ELIGIBLE
73,LAUNCH_150,CATEGORY_BALANCE,IBM Plex Serif,ibmplexserif,Serif,Other,menu;cyrillic;cyrillic-ext;latin;latin-ext;vietnamese,188,82.6,55.0,100.0,100.0,80.56,UNASSESSED,14,0,OFL-1.1,Plex,ofl/ibmplexserif,https://github.com/google/fonts/tree/5e35378e6bda803962ee6fd257e444a7d459660d/ofl/ibmplexserif,False,ELIGIBLE
74,LAUNCH_150,CJK_POPULAR,Nanum Myeongjo,nanummyeongjo,Serif,Korean,menu;korean;latin,195,81.95,90.0,54.0,100.0,80.27,UNASSESSED,3,0,OFL-1.1,Nanum;Naver Nanum;NanumGothic;Naver NanumGothic;NanumMyeongjo;Naver NanumMyeongjo;NanumBrush;Naver NanumBrush;NanumPen;Naver NanumPen,ofl/nanummyeongjo,https://github.com/google/fonts/tree/5e35378e6bda803962ee6fd257e444a7d459660d/ofl/nanummyeongjo,False,ELIGIBLE
75,LAUNCH_150,CATEGORY_BALANCE,Vollkorn,vollkorn,Serif,Other,menu;cyrillic;cyrillic-ext;greek;latin;latin-ext;vietnamese,199,81.57,55.0,100.0,100.0,79.94,UNASSESSED,12,1,OFL-1.1,,ofl/vollkorn,https://github.com/google/fonts/tree/5e35378e6bda803962ee6fd257e444a7d459660d/ofl/vollkorn,False,ELIGIBLE
76,LAUNCH_150,CATEGORY_BALANCE,Newsreader,newsreader,Serif,Other,menu;latin;latin-ext;vietnamese,138,87.28,35.0,100.0,100.0,79.37,UNASSESSED,14,2,OFL-1.1,,ofl/newsreader,https://github.com/google/fonts/tree/5e35378e6bda803962ee6fd257e444a7d459660d/ofl/newsreader,False,ELIGIBLE
77,LAUNCH_150,CATEGORY_BALANCE,Roboto Serif,robotoserif,Serif,Other,menu;cyrillic;cyrillic-ext;latin;latin-ext;vietnamese,213,80.26,55.0,100.0,100.0,79.16,UNASSESSED,18,4,OFL-1.1,,ofl/robotoserif,https://github.com/google/fonts/tree/5e35378e6bda803962ee6fd257e444a7d459660d/ofl/robotoserif,True,ELIGIBLE
78,LAUNCH_150,CJK_POPULAR,Shippori Mincho,shipporimincho,Serif,Japanese,menu;japanese;latin;latin-ext,249,76.89,85.0,72.0,100.0,78.94,UNASSESSED,5,0,OFL-1.1,,ofl/shipporimincho,https://github.com/google/fonts/tree/5e35378e6bda803962ee6fd257e444a7d459660d/ofl/shipporimincho,False,ELIGIBLE
79,LAUNCH_150,CATEGORY_BALANCE,Bodoni Moda,bodonimoda,Serif,Other,menu;latin;latin-ext;math;symbols,148,86.34,35.0,100.0,100.0,78.81,UNASSESSED,12,2,OFL-1.1,,ofl/bodonimoda,https://github.com/google/fonts/tree/5e35378e6bda803962ee6fd257e444a7d459660d/ofl/bodonimoda,False,ELIGIBLE
80,LAUNCH_150,CATEGORY_BALANCE,PT Serif,ptserif,Serif,Other,menu;cyrillic;cyrillic-ext;latin;latin-ext,71,93.55,35.0,69.0,100.0,78.48,UNASSESSED,4,0,OFL-1.1,"PT Sans;PT Serif"" and ""ParaType",ofl/ptserif,https://github.com/google/fonts/tree/5e35378e6bda803962ee6fd257e444a7d459660d/ofl/ptserif,False,ELIGIBLE
81,LAUNCH_150,CATEGORY_BALANCE,Literata,literata,Serif,Other,menu;cyrillic;cyrillic-ext;greek;greek-ext;latin;latin-ext;vietnamese,225,79.14,55.0,100.0,100.0,78.48,UNASSESSED,16,2,OFL-1.1,,ofl/literata,https://github.com/google/fonts/tree/5e35378e6bda803962ee6fd257e444a7d459660d/ofl/literata,False,ELIGIBLE
82,LAUNCH_150,CATEGORY_BALANCE,Dancing Script,dancingscript,Handwriting,Other,menu;latin;latin-ext;vietnamese,83,92.42,35.0,73.0,100.0,78.4,UNASSESSED,4,1,OFL-1.1,Dancing Script,ofl/dancingscript,https://github.com/google/fonts/tree/5e35378e6bda803962ee6fd257e444a7d459660d/ofl/dancingscript,False,ELIGIBLE
83,LAUNCH_150,CJK_POPULAR,M PLUS U,mplusu,Sans Serif,Japanese,menu;japanese;latin;latin-ext;symbols2;vietnamese,339,68.48,85.0,100.0,100.0,78.09,UNASSESSED,9,1,OFL-1.1,,ofl/mplusu,https://github.com/google/fonts/tree/5e35378e6bda803962ee6fd257e444a7d459660d/ofl/mplusu,False,ELIGIBLE
84,LAUNCH_150,CATEGORY_BALANCE,Playfair,playfair,Serif,Other,menu;cyrillic;cyrillic-ext;latin;latin-ext;vietnamese,239,77.83,55.0,100.0,100.0,77.7,UNASSESSED,14,3,OFL-1.1,,ofl/playfair,https://github.com/google/fonts/tree/5e35378e6bda803962ee6fd257e444a7d459660d/ofl/playfair,False,ELIGIBLE
85,LAUNCH_150,CATEGORY_BALANCE,Zilla Slab,zillaslab,Serif,Other,menu;latin;latin-ext,173,84.0,35.0,100.0,100.0,77.4,UNASSESSED,10,0,OFL-1.1,,ofl/zillaslab,https://github.com/google/fonts/tree/5e35378e6bda803962ee6fd257e444a7d459660d/ofl/zillaslab,False,ELIGIBLE
86,LAUNCH_150,CJK_POPULAR,Zen Old Mincho,zenoldmincho,Serif,Japanese,menu;cyrillic;greek;japanese;latin;latin-ext,302,71.94,85.0,80.0,100.0,77.16,UNASSESSED,5,0,OFL-1.1,,ofl/zenoldmincho,https://github.com/google/fonts/tree/5e35378e6bda803962ee6fd257e444a7d459660d/ofl/zenoldmincho,False,ELIGIBLE
87,LAUNCH_150,CATEGORY_BALANCE,Caveat,caveat,Handwriting,Other,menu;cyrillic;cyrillic-ext;latin;latin-ext,117,89.24,35.0,77.0,100.0,77.1,UNASSESSED,4,1,OFL-1.1,,ofl/caveat,https://github.com/google/fonts/tree/5e35378e6bda803962ee6fd257e444a7d459660d/ofl/caveat,False,ELIGIBLE
88,LAUNCH_150,CJK_POPULAR,M PLUS 1,mplus1,Sans Serif,Japanese,menu;japanese;latin;latin-ext;vietnamese,357,66.79,85.0,100.0,100.0,77.07,UNASSESSED,9,1,OFL-1.1,,ofl/mplus1,https://github.com/google/fonts/tree/5e35378e6bda803962ee6fd257e444a7d459660d/ofl/mplus1,False,ELIGIBLE
89,LAUNCH_150,CATEGORY_BALANCE,Black Ops One,blackopsone,Display,Other,menu;cyrillic-ext;latin;latin-ext;vietnamese,50,95.51,35.0,48.0,100.0,76.51,UNASSESSED,1,0,OFL-1.1,,ofl/blackopsone,https://github.com/google/fonts/tree/5e35378e6bda803962ee6fd257e444a7d459660d/ofl/blackopsone,False,ELIGIBLE
90,LAUNCH_150,CATEGORY_BALANCE,Lobster Two,lobstertwo,Display,Other,menu;latin,74,93.26,35.0,57.0,100.0,76.51,UNASSESSED,4,0,OFL-1.1,"Lobster"" and ""Lobster Two",ofl/lobstertwo,https://github.com/google/fonts/tree/5e35378e6bda803962ee6fd257e444a7d459660d/ofl/lobstertwo,False,ELIGIBLE
91,LAUNCH_150,CATEGORY_BALANCE,Pacifico,pacifico,Handwriting,Other,menu;cyrillic;cyrillic-ext;latin;latin-ext;vietnamese,136,87.46,55.0,52.0,100.0,76.28,UNASSESSED,1,0,OFL-1.1,,ofl/pacifico,https://github.com/google/fonts/tree/5e35378e6bda803962ee6fd257e444a7d459660d/ofl/pacifico,False,ELIGIBLE
92,LAUNCH_150,CATEGORY_BALANCE,Lobster,lobster,Display,Other,menu;cyrillic;cyrillic-ext;latin;latin-ext;vietnamese,143,86.81,55.0,52.0,100.0,75.89,UNASSESSED,1,0,OFL-1.1,Lobster,ofl/lobster,https://github.com/google/fonts/tree/5e35378e6bda803962ee6fd257e444a7d459660d/ofl/lobster,False,ELIGIBLE
93,LAUNCH_150,CJK_POPULAR,Sawarabi Mincho,sawarabimincho,Serif,Japanese,menu;braille;japanese;latin;latin-ext,260,75.87,85.0,48.0,100.0,74.72,UNASSESSED,1,0,OFL-1.1,,ofl/sawarabimincho,https://github.com/google/fonts/tree/5e35378e6bda803962ee6fd257e444a7d459660d/ofl/sawarabimincho,False,ELIGIBLE
94,LAUNCH_150,CJK_POPULAR,BIZ UDPGothic,bizudpgothic,Sans Serif,Japanese,menu;cyrillic;greek-ext;japanese;latin;latin-ext,290,73.06,85.0,59.0,100.0,74.69,UNASSESSED,2,0,OFL-1.1,,ofl/bizudpgothic,https://github.com/google/fonts/tree/5e35378e6bda803962ee6fd257e444a7d459660d/ofl/bizudpgothic,False,ELIGIBLE
95,LAUNCH_150,CJK_POPULAR,Sawarabi Gothic,sawarabigothic,Sans Serif,Japanese,menu;cyrillic;japanese;latin;latin-ext;vietnamese,276,74.37,85.0,52.0,100.0,74.42,UNASSESSED,1,0,OFL-1.1,,ofl/sawarabigothic,https://github.com/google/fonts/tree/5e35378e6bda803962ee6fd257e444a7d459660d/ofl/sawarabigothic,False,ELIGIBLE
96,LAUNCH_150,CATEGORY_BALANCE,Fira Code,firacode,Monospace,Other,menu;cyrillic;cyrillic-ext;greek;greek-ext;latin;latin-ext;symbols2,288,73.25,55.0,96.0,100.0,74.35,UNASSESSED,5,1,OFL-1.1,,ofl/firacode,https://github.com/google/fonts/tree/5e35378e6bda803962ee6fd257e444a7d459660d/ofl/firacode,False,ELIGIBLE
97,LAUNCH_150,CJK_POPULAR,Nanum Gothic Coding,nanumgothiccoding,Handwriting,Korean,menu;korean;latin,282,73.81,90.0,47.0,100.0,74.33,UNASSESSED,2,0,OFL-1.1,Nanum;Naver Nanum;NanumGothic;Naver NanumGothic;NanumMyeongjo;Naver NanumMyeongjo;NanumBrush;Naver NanumBrush;NanumPen;Naver NanumPen,ofl/nanumgothiccoding,https://github.com/google/fonts/tree/5e35378e6bda803962ee6fd257e444a7d459660d/ofl/nanumgothiccoding,False,ELIGIBLE
98,LAUNCH_150,CATEGORY_BALANCE,DM Mono,dmmono,Monospace,Other,menu;latin;latin-ext,164,84.85,35.0,75.0,100.0,74.16,UNASSESSED,6,0,OFL-1.1,,ofl/dmmono,https://github.com/google/fonts/tree/5e35378e6bda803962ee6fd257e444a7d459660d/ofl/dmmono,False,ELIGIBLE
99,LAUNCH_150,CATEGORY_BALANCE,Great Vibes,greatvibes,Handwriting,Other,menu;cyrillic;cyrillic-ext;greek-ext;latin;latin-ext;vietnamese,186,82.79,55.0,56.0,100.0,74.07,UNASSESSED,1,0,OFL-1.1,,ofl/greatvibes,https://github.com/google/fonts/tree/5e35378e6bda803962ee6fd257e444a7d459660d/ofl/greatvibes,False,ELIGIBLE
100,LAUNCH_150,CATEGORY_BALANCE,Changa One,changaone,Display,Other,menu;latin,87,92.05,35.0,43.0,100.0,73.68,UNASSESSED,2,0,OFL-1.1,Changa,ofl/changaone,https://github.com/google/fonts/tree/5e35378e6bda803962ee6fd257e444a7d459660d/ofl/changaone,False,ELIGIBLE
101,LAUNCH_150,CATEGORY_BALANCE,Google Sans Code,googlesanscode,Monospace,Other,menu;adlam;canadian-aboriginal;cherokee;latin;latin-ext;math;old-permic;symbols;symbols2;syriac;vietnamese,313,70.91,55.0,100.0,100.0,73.54,UNASSESSED,12,2,OFL-1.1,,ofl/googlesanscode,https://github.com/google/fonts/tree/5e35378e6bda803962ee6fd257e444a7d459660d/ofl/googlesanscode,True,ELIGIBLE
102,LAUNCH_150,CATEGORY_BALANCE,Alfa Slab One,alfaslabone,Display,Other,menu;latin;latin-ext;vietnamese,96,91.21,35.0,44.0,100.0,73.32,UNASSESSED,1,0,OFL-1.1,Alfa Slab,ofl/alfaslabone,https://github.com/google/fonts/tree/5e35378e6bda803962ee6fd257e444a7d459660d/ofl/alfaslabone,False,ELIGIBLE
103,LAUNCH_150,CATEGORY_BALANCE,Baloo 2,baloo2,Display,Other,menu;devanagari;latin;latin-ext;vietnamese,210,80.54,35.0,84.0,100.0,72.93,UNASSESSED,5,1,OFL-1.1,,ofl/baloo2,https://github.com/google/fonts/tree/5e35378e6bda803962ee6fd257e444a7d459660d/ofl/baloo2,False,ELIGIBLE
104,LAUNCH_150,CATEGORY_BALANCE,Space Mono,spacemono,Monospace,Other,menu;latin;latin-ext;vietnamese,162,85.03,35.0,65.0,100.0,72.77,UNASSESSED,4,0,OFL-1.1,,ofl/spacemono,https://github.com/google/fonts/tree/5e35378e6bda803962ee6fd257e444a7d459660d/ofl/spacemono,False,ELIGIBLE
105,LAUNCH_150,CATEGORY_BALANCE,Dela Gothic One,delagothicone,Display,Japanese,menu;cyrillic;greek;japanese;latin;latin-ext;vietnamese,322,70.07,85.0,56.0,100.0,72.44,UNASSESSED,1,0,OFL-1.1,,ofl/delagothicone,https://github.com/google/fonts/tree/5e35378e6bda803962ee6fd257e444a7d459660d/ofl/delagothicone,False,ELIGIBLE
106,LAUNCH_150,CATEGORY_BALANCE,Lilita One,lilitaone,Display,Other,menu;latin;latin-ext,106,90.27,35.0,40.0,100.0,72.16,UNASSESSED,1,0,OFL-1.1,Lilita,ofl/lilitaone,https://github.com/google/fonts/tree/5e35378e6bda803962ee6fd257e444a7d459660d/ofl/lilitaone,False,ELIGIBLE
107,LAUNCH_150,CATEGORY_BALANCE,Press Start 2P,pressstart2p,Display,Other,menu;cyrillic;cyrillic-ext;greek;latin;latin-ext,221,79.51,55.0,52.0,100.0,71.51,UNASSESSED,1,0,OFL-1.1,Press Start 2P,ofl/pressstart2p,https://github.com/google/fonts/tree/5e35378e6bda803962ee6fd257e444a7d459660d/ofl/pressstart2p,False,ELIGIBLE
108,LAUNCH_150,CATEGORY_BALANCE,Bungee,bungee,Display,Other,menu;latin;latin-ext;vietnamese,129,88.12,35.0,44.0,100.0,71.47,UNASSESSED,1,0,OFL-1.1,,ofl/bungee,https://github.com/google/fonts/tree/5e35378e6bda803962ee6fd257e444a7d459660d/ofl/bungee,False,ELIGIBLE
109,LAUNCH_150,CATEGORY_BALANCE,Amatic SC,amaticsc,Handwriting,Other,menu;cyrillic;hebrew;latin;latin-ext;vietnamese,254,76.43,55.0,59.0,100.0,70.71,UNASSESSED,2,0,OFL-1.1,,ofl/amaticsc,https://github.com/google/fonts/tree/5e35378e6bda803962ee6fd257e444a7d459660d/ofl/amaticsc,False,ELIGIBLE
110,LAUNCH_150,CATEGORY_BALANCE,Oxanium,oxanium,Display,Other,menu;latin;latin-ext,279,74.09,35.0,90.0,100.0,69.95,UNASSESSED,7,1,OFL-1.1,,ofl/oxanium,https://github.com/google/fonts/tree/5e35378e6bda803962ee6fd257e444a7d459660d/ofl/oxanium,False,ELIGIBLE
111,LAUNCH_150,CATEGORY_BALANCE,Courier Prime,courierprime,Monospace,Other,menu;latin;latin-ext,206,80.92,35.0,61.0,100.0,69.7,UNASSESSED,4,0,OFL-1.1,,ofl/courierprime,https://github.com/google/fonts/tree/5e35378e6bda803962ee6fd257e444a7d459660d/ofl/courierprime,False,ELIGIBLE
112,LAUNCH_150,CATEGORY_BALANCE,Gravitas One,gravitasone,Display,Other,menu;latin,141,87.0,35.0,36.0,100.0,69.6,UNASSESSED,1,0,OFL-1.1,Gravitas,ofl/gravitasone,https://github.com/google/fonts/tree/5e35378e6bda803962ee6fd257e444a7d459660d/ofl/gravitasone,False,ELIGIBLE
113,LAUNCH_150,CATEGORY_BALANCE,Abril Fatface,abrilfatface,Display,Other,menu;latin;latin-ext,166,84.66,35.0,40.0,100.0,68.8,UNASSESSED,1,0,OFL-1.1,"Abril"" and ""Abril Fatface",ofl/abrilfatface,https://github.com/google/fonts/tree/5e35378e6bda803962ee6fd257e444a7d459660d/ofl/abrilfatface,False,ELIGIBLE
114,LAUNCH_150,CATEGORY_BALANCE,Shadows Into Light,shadowsintolight,Handwriting,Other,menu;latin;latin-ext,167,84.57,35.0,40.0,100.0,68.74,UNASSESSED,1,0,OFL-1.1,,ofl/shadowsintolight,https://github.com/google/fonts/tree/5e35378e6bda803962ee6fd257e444a7d459660d/ofl/shadowsintolight,False,ELIGIBLE
115,LAUNCH_150,CHINESE_CORE,Huninn,huninn,Sans Serif,Chinese,menu;chinese-traditional;cyrillic;latin;latin-ext;vietnamese,435,59.49,100.0,52.0,100.0,68.5,UNASSESSED,1,0,OFL-1.1,,ofl/huninn,https://github.com/google/fonts/tree/5e35378e6bda803962ee6fd257e444a7d459660d/ofl/huninn,False,ELIGIBLE
116,LAUNCH_150,CATEGORY_BALANCE,Kalam,kalam,Handwriting,Other,menu;devanagari;latin;latin-ext,222,79.42,35.0,58.0,100.0,68.35,UNASSESSED,3,0,OFL-1.1,,ofl/kalam,https://github.com/google/fonts/tree/5e35378e6bda803962ee6fd257e444a7d459660d/ofl/kalam,False,ELIGIBLE
117,LAUNCH_150,CATEGORY_BALANCE,Rowdies,rowdies,Display,Other,menu;latin;latin-ext;vietnamese,238,77.92,35.0,58.0,100.0,67.45,UNASSESSED,3,0,OFL-1.1,,ofl/rowdies,https://github.com/google/fonts/tree/5e35378e6bda803962ee6fd257e444a7d459660d/ofl/rowdies,False,ELIGIBLE
118,LAUNCH_150,CATEGORY_BALANCE,Indie Flower,indieflower,Handwriting,Other,menu;latin;latin-ext,201,81.38,35.0,40.0,100.0,66.83,UNASSESSED,1,0,OFL-1.1,,ofl/indieflower,https://github.com/google/fonts/tree/5e35378e6bda803962ee6fd257e444a7d459660d/ofl/indieflower,False,ELIGIBLE
119,LAUNCH_150,CATEGORY_BALANCE,Comic Neue,comicneue,Handwriting,Other,menu;latin,286,73.43,35.0,71.0,100.0,66.71,UNASSESSED,6,0,OFL-1.1,,ofl/comicneue,https://github.com/google/fonts/tree/5e35378e6bda803962ee6fd257e444a7d459660d/ofl/comicneue,False,ELIGIBLE
120,LAUNCH_150,CATEGORY_BALANCE,Yellowtail,yellowtail,Handwriting,Other,menu;latin;latin-ext,208,80.73,35.0,40.0,100.0,66.44,UNASSESSED,1,0,Apache-2.0,,apache/yellowtail,https://github.com/google/fonts/tree/5e35378e6bda803962ee6fd257e444a7d459660d/apache/yellowtail,False,ELIGIBLE
121,LAUNCH_150,CATEGORY_BALANCE,Satisfy,satisfy,Handwriting,Other,menu;latin,198,81.67,35.0,36.0,100.0,66.4,UNASSESSED,1,0,Apache-2.0,,apache/satisfy,https://github.com/google/fonts/tree/5e35378e6bda803962ee6fd257e444a7d459660d/apache/satisfy,False,ELIGIBLE
122,LAUNCH_150,CATEGORY_BALANCE,Permanent Marker,permanentmarker,Handwriting,Other,menu;latin,200,81.48,35.0,36.0,100.0,66.29,UNASSESSED,1,0,Apache-2.0,,apache/permanentmarker,https://github.com/google/fonts/tree/5e35378e6bda803962ee6fd257e444a7d459660d/apache/permanentmarker,False,ELIGIBLE
123,LAUNCH_150,CATEGORY_BALANCE,Righteous,righteous,Display,Other,menu;latin;latin-ext,212,80.36,35.0,40.0,100.0,66.21,UNASSESSED,1,0,OFL-1.1,Righteous,ofl/righteous,https://github.com/google/fonts/tree/5e35378e6bda803962ee6fd257e444a7d459660d/ofl/righteous,False,ELIGIBLE
124,LAUNCH_150,CATEGORY_BALANCE,Nanum Pen Script,nanumpenscript,Handwriting,Korean,menu;korean;latin,409,61.93,90.0,40.0,100.0,66.16,UNASSESSED,1,0,OFL-1.1,Nanum;Naver Nanum;NanumGothic;Naver NanumGothic;NanumMyeongjo;Naver NanumMyeongjo;NanumBrush;Naver NanumBrush;NanumPen;Naver NanumPen,ofl/nanumpenscript,https://github.com/google/fonts/tree/5e35378e6bda803962ee6fd257e444a7d459660d/ofl/nanumpenscript,False,ELIGIBLE
125,LAUNCH_150,CATEGORY_BALANCE,Luckiest Guy,luckiestguy,Display,Other,menu;latin;latin-ext,231,78.58,35.0,40.0,100.0,65.15,UNASSESSED,1,0,Apache-2.0,,apache/luckiestguy,https://github.com/google/fonts/tree/5e35378e6bda803962ee6fd257e444a7d459660d/apache/luckiestguy,False,ELIGIBLE
126,LAUNCH_150,CATEGORY_BALANCE,Zeyada,zeyada,Handwriting,Other,menu;latin;latin-ext,234,78.3,35.0,40.0,100.0,64.98,UNASSESSED,1,0,OFL-1.1,,ofl/zeyada,https://github.com/google/fonts/tree/5e35378e6bda803962ee6fd257e444a7d459660d/ofl/zeyada,False,ELIGIBLE
127,LAUNCH_150,CATEGORY_BALANCE,Ubuntu Mono,ubuntumono,Monospace,Other,menu;cyrillic;cyrillic-ext;greek;greek-ext;latin;latin-ext,411,61.74,55.0,77.0,100.0,64.59,UNASSESSED,4,0,UFL-1.0,,ufl/ubuntumono,https://github.com/google/fonts/tree/5e35378e6bda803962ee6fd257e444a7d459660d/ufl/ubuntumono,False,ELIGIBLE
128,LAUNCH_150,CATEGORY_BALANCE,Bangers,bangers,Display,Other,menu;latin;latin-ext;vietnamese,262,75.68,35.0,44.0,100.0,64.01,UNASSESSED,1,0,OFL-1.1,,ofl/bangers,https://github.com/google/fonts/tree/5e35378e6bda803962ee6fd257e444a7d459660d/ofl/bangers,False,ELIGIBLE
129,LAUNCH_150,CATEGORY_BALANCE,Libre Barcode 39,librebarcode39,Display,Other,menu;latin,241,77.64,35.0,36.0,100.0,63.99,UNASSESSED,1,0,OFL-1.1,,ofl/librebarcode39,https://github.com/google/fonts/tree/5e35378e6bda803962ee6fd257e444a7d459660d/ofl/librebarcode39,False,ELIGIBLE
130,LAUNCH_150,CATEGORY_BALANCE,Oleo Script,oleoscript,Display,Other,menu;latin;latin-ext,274,74.56,35.0,47.0,100.0,63.78,UNASSESSED,2,0,OFL-1.1,Oleo Script,ofl/oleoscript,https://github.com/google/fonts/tree/5e35378e6bda803962ee6fd257e444a7d459660d/ofl/oleoscript,False,ELIGIBLE
131,LAUNCH_150,CATEGORY_BALANCE,VT323,vt323,Monospace,Other,menu;latin;latin-ext;vietnamese,267,75.21,35.0,44.0,100.0,63.73,UNASSESSED,1,0,OFL-1.1,,ofl/vt323,https://github.com/google/fonts/tree/5e35378e6bda803962ee6fd257e444a7d459660d/ofl/vt323,False,ELIGIBLE
132,LAUNCH_150,CATEGORY_BALANCE,Gabarito,gabarito,Display,Other,menu;latin;latin-ext,374,65.2,35.0,83.0,100.0,63.57,UNASSESSED,6,1,OFL-1.1,,ofl/gabarito,https://github.com/google/fonts/tree/5e35378e6bda803962ee6fd257e444a7d459660d/ofl/gabarito,False,ELIGIBLE
133,LAUNCH_150,CATEGORY_BALANCE,Special Elite,specialelite,Display,Other,menu;latin;latin-ext,264,75.49,35.0,40.0,100.0,63.29,UNASSESSED,1,0,Apache-2.0,,apache/specialelite,https://github.com/google/fonts/tree/5e35378e6bda803962ee6fd257e444a7d459660d/apache/specialelite,False,ELIGIBLE
134,LAUNCH_150,CATEGORY_BALANCE,Potta One,pottaone,Display,Japanese,menu;japanese;latin;latin-ext;vietnamese,468,56.41,85.0,48.0,100.0,63.04,UNASSESSED,1,0,OFL-1.1,,ofl/pottaone,https://github.com/google/fonts/tree/5e35378e6bda803962ee6fd257e444a7d459660d/ofl/pottaone,False,ELIGIBLE
135,LAUNCH_150,CATEGORY_BALANCE,Hachi Maru Pop,hachimarupop,Handwriting,Japanese,menu;cyrillic;japanese;latin;latin-ext,469,56.31,85.0,48.0,100.0,62.99,UNASSESSED,1,0,OFL-1.1,,ofl/hachimarupop,https://github.com/google/fonts/tree/5e35378e6bda803962ee6fd257e444a7d459660d/ofl/hachimarupop,False,ELIGIBLE
136,LAUNCH_150,CATEGORY_BALANCE,Yeseva One,yesevaone,Display,Other,menu;cyrillic;cyrillic-ext;latin;latin-ext;vietnamese,373,65.29,55.0,52.0,100.0,62.98,UNASSESSED,1,0,OFL-1.1,Yeseva,ofl/yesevaone,https://github.com/google/fonts/tree/5e35378e6bda803962ee6fd257e444a7d459660d/ofl/yesevaone,False,ELIGIBLE
137,LAUNCH_150,CATEGORY_BALANCE,Patrick Hand,patrickhand,Handwriting,Other,menu;latin;latin-ext;vietnamese,284,73.62,35.0,44.0,100.0,62.77,UNASSESSED,1,0,OFL-1.1,,ofl/patrickhand,https://github.com/google/fonts/tree/5e35378e6bda803962ee6fd257e444a7d459660d/ofl/patrickhand,False,ELIGIBLE
138,LAUNCH_150,CATEGORY_BALANCE,Share Tech Mono,sharetechmono,Monospace,Other,menu;latin,263,75.58,35.0,36.0,100.0,62.75,UNASSESSED,1,0,OFL-1.1,Share,ofl/sharetechmono,https://github.com/google/fonts/tree/5e35378e6bda803962ee6fd257e444a7d459660d/ofl/sharetechmono,False,ELIGIBLE
139,LAUNCH_150,CATEGORY_BALANCE,Merienda,merienda,Handwriting,Other,menu;latin;latin-ext;vietnamese,420,60.9,35.0,94.0,100.0,62.64,UNASSESSED,7,1,OFL-1.1,Merienda,ofl/merienda,https://github.com/google/fonts/tree/5e35378e6bda803962ee6fd257e444a7d459660d/ofl/merienda,False,ELIGIBLE
140,LAUNCH_150,CATEGORY_BALANCE,Passion One,passionone,Display,Other,menu;latin;latin-ext,314,70.81,35.0,54.0,100.0,62.59,UNASSESSED,3,0,OFL-1.1,Passion,ofl/passionone,https://github.com/google/fonts/tree/5e35378e6bda803962ee6fd257e444a7d459660d/ofl/passionone,False,ELIGIBLE
141,LAUNCH_150,CATEGORY_BALANCE,Chelsea Market,chelseamarket,Display,Other,menu;latin;latin-ext,277,74.28,35.0,40.0,100.0,62.57,UNASSESSED,1,0,OFL-1.1,Chelsea Market,ofl/chelseamarket,https://github.com/google/fonts/tree/5e35378e6bda803962ee6fd257e444a7d459660d/ofl/chelseamarket,False,ELIGIBLE
142,LAUNCH_150,CATEGORY_BALANCE,Fira Mono,firamono,Monospace,Other,menu;cyrillic;cyrillic-ext;greek;greek-ext;latin;latin-ext;symbols2,441,58.93,55.0,74.0,100.0,62.46,UNASSESSED,3,0,OFL-1.1,,ofl/firamono,https://github.com/google/fonts/tree/5e35378e6bda803962ee6fd257e444a7d459660d/ofl/firamono,False,ELIGIBLE
143,LAUNCH_150,CATEGORY_BALANCE,Patua One,patuaone,Display,Other,menu;latin,269,75.02,35.0,36.0,100.0,62.41,UNASSESSED,1,0,OFL-1.1,Patua One,ofl/patuaone,https://github.com/google/fonts/tree/5e35378e6bda803962ee6fd257e444a7d459660d/ofl/patuaone,False,ELIGIBLE
144,LAUNCH_150,CATEGORY_BALANCE,Kaushan Script,kaushanscript,Handwriting,Other,menu;latin;latin-ext,280,73.99,35.0,40.0,100.0,62.4,UNASSESSED,1,0,OFL-1.1,Kaushan Script,ofl/kaushanscript,https://github.com/google/fonts/tree/5e35378e6bda803962ee6fd257e444a7d459660d/ofl/kaushanscript,False,ELIGIBLE
145,LAUNCH_150,CATEGORY_BALANCE,Sacramento,sacramento,Handwriting,Other,menu;latin;latin-ext,289,73.15,35.0,40.0,100.0,61.89,UNASSESSED,1,0,OFL-1.1,Sacramento,ofl/sacramento,https://github.com/google/fonts/tree/5e35378e6bda803962ee6fd257e444a7d459660d/ofl/sacramento,False,ELIGIBLE
146,LAUNCH_150,CHINESE_CORE,Chiron GoRound TC,chirongoroundtc,Sans Serif,Chinese,menu;chinese-traditional;cyrillic;cyrillic-ext;latin;latin-ext;vietnamese,725,32.37,100.0,100.0,100.0,59.42,UNASSESSED,8,1,OFL-1.1,,ofl/chirongoroundtc,https://github.com/google/fonts/tree/5e35378e6bda803962ee6fd257e444a7d459660d/ofl/chirongoroundtc,False,ELIGIBLE
147,LAUNCH_150,CHINESE_CORE,Ma Shan Zheng,mashanzheng,Handwriting,Chinese,menu;chinese-simplified;latin,583,45.65,100.0,40.0,100.0,58.39,UNASSESSED,1,0,OFL-1.1,,ofl/mashanzheng,https://github.com/google/fonts/tree/5e35378e6bda803962ee6fd257e444a7d459660d/ofl/mashanzheng,False,ELIGIBLE
148,LAUNCH_150,CHINESE_CORE,ZCOOL XiaoWei,zcoolxiaowei,Sans Serif,Chinese,menu;chinese-simplified;latin,644,39.94,100.0,40.0,100.0,54.97,UNASSESSED,1,0,OFL-1.1,,ofl/zcoolxiaowei,https://github.com/google/fonts/tree/5e35378e6bda803962ee6fd257e444a7d459660d/ofl/zcoolxiaowei,False,ELIGIBLE
149,LAUNCH_150,CHINESE_CORE,ZCOOL KuaiLe,zcoolkuaile,Sans Serif,Chinese,menu;chinese-simplified;latin,680,36.58,100.0,40.0,100.0,52.95,UNASSESSED,1,0,OFL-1.1,,ofl/zcoolkuaile,https://github.com/google/fonts/tree/5e35378e6bda803962ee6fd257e444a7d459660d/ofl/zcoolkuaile,False,ELIGIBLE
150,LAUNCH_150,CHINESE_CORE,ZCOOL QingKe HuangYou,zcoolqingkehuangyou,Sans Serif,Chinese,menu;chinese-simplified;latin,871,18.71,100.0,40.0,100.0,42.23,UNASSESSED,1,0,OFL-1.1,,ofl/zcoolqingkehuangyou,https://github.com/google/fonts/tree/5e35378e6bda803962ee6fd257e444a7d459660d/ofl/zcoolqingkehuangyou,False,ELIGIBLE
